Title,IMDB Rating,IMDB Votes,US Gross,Worldwide Gross,Production Budget
Opal Dreams,6.50,468,14443,14443,9000000
Major Dundee,6.70,2588,14873,14873,3800000
The Informers,5.20,7595,315000,315000,18000000
Buffalo Soldiers,6.90,13510,353743,353743,15000000
The Last Sin Eater,5.70,1012,388390,388390,2200000
The City of Your Final Destination,6.60,430,493296,493296,8300000
The Claim,6.50,3681,622023,622023,13000000
Texas Rangers,5.00,2645,623374,623374,38000000
Ride With the Devil,6.40,1873,630779,630779,35000000
Karakter,7.80,5531,713413,713413,4500000
Charly,5.80,60,814666,814666,950000
AimÈe & Jaguar,7.20,2974,927107,927107,6800000
Savage Grace,5.70,3838,434417,968805,4600000
Owning Mahowny,7.00,5789,1011054,1011054,10000000
A Home at the End of the World,6.70,7180,1029017,1033810,6500000
Thr3e,5.00,2825,1008849,1060418,2400000
Lolita,6.70,15197,1147784,1147784,55000000
Me and Orson Welles,7.10,2417,1190003,1190003,25000000
Bubba Ho-Tep,7.30,23110,1239183,1239183,1000000
The Good German,6.10,13007,1308696,1308696,32000000
Le hussard sur le toit,6.90,3083,1320043,1320043,35000000
"Gandhi, My Father",8.10,50881,240425,1375194,5000000
Married Life,6.40,4358,1506998,1506998,12000000
Nicholas Nickleby,7.30,4968,1562800,1562800,10000000
Oscar and Lucinda,6.70,3782,1612957,1612957,12500000
Spider,7.80,560,1641788,1641788,10000000
Jesus' Son,6.70,4620,1282084,1687548,2500000
The Dangerous Lives of Altar Boys,6.90,7943,1779284,1779284,12000000
Les herbes folles,6.70,915,377556,1877556,14000000
Thumbsucker,6.70,12109,1328679,1919197,4000000
Crazy in Alabama,5.70,3991,1954202,1954202,15000000
Felicia's Journey,6.90,4790,824295,1970268,15000000
Sur Le Seuil,6.70,585,2013052,2013052,2500000
The Work and the Glory: American Zion,5.60,365,2025032,2025032,6500000
A Dog of Flanders,5.90,482,2165637,2165637,7000000
Smilla's Sense of Snow,6.10,7280,2221994,2221994,35000000
Last Orders,7.00,3463,2326407,2326407,12000000
What Just Happened,5.90,12537,1090947,2412123,27000000
And When Did You Last See Your Father?,6.80,1798,1071240,2476491,8000000
Love and Death on Long Island,6.90,2506,2542264,2542264,4030000
Infamous,7.10,6917,1151330,2613717,13000000
Auto Focus,6.60,7236,2062066,2703821,7000000
Cheri,6.10,3307,2715657,2715657,23000000
The Perez Family,6.00,1177,2794056,2794056,11000000
Jindabyne,6.40,3920,399879,2862544,10800000
The House of Mirth,6.80,4489,3041803,3041803,10000000
The Work and the Glory,6.00,531,3347647,3347647,7500000
Crash,6.10,20886,3357324,3357324,10000000
My Summer of Love,7.00,7242,1000915,3800915,1700000
Restoration,6.50,4024,4100000,4100000,18000000
Left Behind,5.00,43,4221341,4221341,18500000
The Sweet Hereafter,7.80,16280,4306697,4306697,5000000
The Other Side of Heaven,6.30,1670,4720371,4720371,7000000
The Virgin Suicides,7.20,49110,4859475,4859475,6000000
Jakob the Liar,6.10,6636,4956401,4956401,15000000
Control,7.80,19466,871577,5645350,6400000
Ed Wood,8.10,74171,5828466,5828466,18000000
Impostor,6.00,9020,6114237,6114237,40000000
A Sound of Thunder,4.10,9915,1900451,6300451,80000000
Mary Reilly,5.50,6864,5707094,6370115,47000000
Gods and Monsters,7.50,15946,6451628,6451628,3500000
I Dreamed of Africa,5.20,2298,6543194,6543194,34000000
The Last Station,7.00,3465,6616974,6616974,18000000
The Big Bounce,4.80,9195,6471394,6626115,50000000
Trapped,6.00,10685,6916869,6916869,30000000
Obsluhoval jsem anglickÈho kr·le,7.40,3048,617228,7174984,4900000
Running With Scissors,6.00,12926,6775659,7213629,12000000
Requiem for a Dream,8.50,185226,3635482,7390108,4500000
A Scanner Darkly,7.20,41928,5501616,7405084,20000000
Smoke Signals,6.90,5058,6719300,7756617,2000000
Hoot,5.30,2830,8117637,8224998,15000000
The Love Letter,5.10,2446,8322608,8322608,15000000
Big Trouble,6.30,11610,7262288,8488871,45000000
The Oxford Murders,6.10,8066,3607,8667348,10000000
Whatever it Takes,5.20,4192,8735529,8735529,15000000
The Deep End,6.60,6734,8823109,8823109,3000000
Miracle at St. Anna,5.90,8559,7916887,9110458,45000000
All the King's Men,6.00,11994,7221458,9521458,55000000
The Express,7.10,4749,9793406,9808102,37500000
Tsotsi,7.40,13167,2912606,9879971,3000000
Mrs. Winterbourne,5.80,2987,10039566,10039566,25000000
Taking Woodstock,6.80,8778,7460204,10061080,29000000
The Scarlet Letter,4.60,6155,10359006,10359006,50000000
Sex Drive,6.80,26920,8402485,10412485,19000000
Not Easily Broken,5.20,1010,10572742,10572742,5000000
The Great Raid,6.80,8894,10166502,10597070,60000000
The End of the Affair,6.90,9969,10660147,10660147,23000000
Being Julia,7.10,7067,7739049,11039049,18000000
Fair Game,6.60,194,11497497,11497497,50000000
The Rules of AttrAction/Adventure,6.70,26634,6525762,11799060,4000000
The Thirteenth Floor,6.70,19939,11810854,11810854,16000000
City of Ember,6.40,14905,7871693,11817059,38000000
Layer Cake,7.40,39857,2339957,11850214,6500000
In Dreams,5.30,7138,12017369,12017369,30000000
How to Lose Friends & Alienate People,6.70,25756,2775593,12031443,28000000
The Quiet American,7.20,14285,12987647,12987647,20000000
Angela's Ashes,7.00,10185,13038660,13038660,25000000
Whip It,7.10,14068,13043363,13043363,15000000
One Night with the King,6.00,2993,13395961,13395961,20000000
The Deep End of the Ocean,6.00,5790,13508635,13508635,40000000
The Little Vampire,5.30,2202,13555988,13555988,22000000
Fear and Loathing in Las Vegas,7.60,81560,10680275,13711903,18500000
The Man Who Knew Too Little,6.30,11307,13801755,13801755,20000000
How to Deal,5.40,5292,14108518,14108518,16000000
Snow Falling on Cedars,6.70,8444,14378353,14378353,36000000
Blindness,6.60,25508,3073392,14542658,25000000
Little Children,7.80,37162,5463019,14763019,14000000
Possession,6.40,6789,10103647,14805812,25000000
Arn - Tempelriddaren,6.40,6251,0,14900000,16500000
Election,7.40,37454,14943582,14943582,8500000
The Assassination of Jesse James by the Coward Robert Ford,7.70,57465,3909149,15001776,30000000
Iris,5.80,44,5580479,15035827,5500000
The Painted Veil,7.60,26331,8060487,15118795,19400000
Thinner,5.30,7888,15171475,15171475,14000000
The Greatest Game Ever Played,7.30,7876,15331289,15425073,25000000
The Island,6.90,82601,15716828,15716828,22000000
Jaws 4: The Revenge,2.60,15632,15728335,15728335,23000000
Thomas and the Magic Railroad,2.70,1613,15911332,15911332,19000000
The Ice Storm,7.50,27544,8038061,16011975,18000000
"Bright Lights, Big City",6.80,11929,16118077,16118077,25000000
The Emperor's Club,6.70,8165,14060950,16124074,12500000
House of Sand and Fog,7.80,29777,13005485,16157923,16500000
Rabbit-Proof Fence,7.60,13241,6199600,16199600,7000000
A Simple Plan,7.60,29095,16316273,16316273,17000000
"I Love You, Beth Cooper",5.90,179,14800725,16382538,18000000
Original Sin,5.60,15939,16521410,16521410,26000000
Bringing Out The Dead,6.80,31079,16640210,16640210,32000000
Extreme Measures,5.90,8038,17378193,17378193,38000000
Youth in Revolt,6.70,14670,15285588,17585588,18000000
The Postman,5.50,24045,17650704,17650704,80000000
The Rage: Carrie 2,4.30,7235,17760244,17760244,21000000
All the Pretty Horses,5.70,6511,15527125,18120267,45000000
Simon Birch,6.70,11371,18253415,18253415,20000000
The Fan,5.60,20640,18582965,18582965,55000000
Anywhere But Here,5.90,8514,18653615,18653615,23000000
The Merchant of Venice,7.10,14021,3765585,18765585,30000000
A Mighty Heart,6.70,13881,9176787,18932117,15000000
A Single Man,7.60,14548,9176000,19112672,7000000
Vanity Fair,6.20,9343,16123851,19123851,23000000
A Christmas Story,8.00,51757,19294144,19294144,3250000
Tuck Everlasting,6.50,6639,19161999,19344615,15000000
Le Scaphandre et le Papillon,8.00,31172,5990075,19689095,14000000
Amelia,5.70,3238,14246488,19722782,40000000
Multiplicity,5.70,11935,20133326,20133326,45000000
The Namesake,7.50,9700,13610521,20180109,8500000
Vampires,6.80,54,20268825,20268825,20000000
Valentine,4.30,11435,20384136,20384136,10000000
A Stir of Echoes,7.10,26752,21133087,21133087,12000000
The Last Legion,5.40,12250,5932060,21439015,67000000
White Oleander,7.00,13755,16357770,21657770,16000000
Flicka,5.70,2832,21000147,21893591,15000000
Bride & Prejudice,6.20,9442,6601079,22064531,7000000
Girl with a Pearl Earring,7.10,23493,11634362,22106210,12000000
Easy A,7.70,483,21056221,22156221,8000000
The Ruins,6.00,23752,17432844,22177122,25000000
Adaptation,7.90,67135,22498520,22498520,18500000
Drive Me Crazy,5.10,6968,17843379,22591451,8000000
The Juror,5.30,6482,22730924,22730924,44000000
Beloved,5.30,102,22852487,22852487,53000000
Ella Enchanted,6.30,12020,22913677,22913677,35000000
Aquamarine,4.60,9116,18597342,22978953,17000000
In the Cut,5.20,11590,4717455,23693646,12000000
The Road,7.50,39124,8114270,23914270,25000000
25th Hour,7.90,58781,13084595,23928503,4500000
Trainspotting,8.20,150483,16501785,24000785,3100000
The Action/Adventures of Huck Finn,5.80,3095,24103594,24103594,6500000
The Shipping News,6.70,17338,11405825,24405825,35000000
Midnight in the Garden of Good and Evil,6.50,18960,25078937,25078937,35000000
The Outsiders,7.00,23607,25697647,25697647,10000000
Appaloosa,6.80,22836,20211394,26111394,20000000
Blood Work,6.30,16751,26199517,26199517,50000000
The Box,6.80,418,15051977,26341896,25000000
Harriet the Spy,5.80,2963,26570048,26570048,13000000
Oliver Twist,7.00,10748,2070920,26670920,65000000
Timeline,5.30,19318,19480739,26703184,80000000
One True Thing,6.90,5591,23337196,26708196,30000000
Eye for an Eye,5.70,4837,26792700,26792700,20000000
The Musketeer,4.40,7812,27053815,27053815,40000000
The Island of Dr. Moreau,4.10,13770,27682712,27682712,40000000
To Die For,6.80,18459,21284514,27688744,20000000
An American Haunting,4.90,13510,16298046,27844063,14000000
The Wizard of Oz,8.30,102795,28202232,28202232,2777000
The Shawshank Redemption,9.20,519541,28241469,28241469,25000000
American Psycho,7.40,99424,15070285,28674417,8000000
Cidade de Deus,8.80,166897,7563397,28763397,3300000
The Player,7.70,24451,21706101,28876702,8000000
The Object of my Affection,5.90,8492,29145924,29145924,15000000
The Pledge,6.90,22609,19719930,29406132,45000000
Battlefield Earth: A Saga of the Year 3000,2.30,39316,21471685,29725663,80000000
The Four Feathers,6.30,13204,18306166,29882645,35000000
Queen of the Damned,4.70,20268,30307804,30307804,35000000
Hearts in Atlantis,6.80,16336,24185781,30885781,31000000
Love in the Time of Cholera,6.20,8580,4617608,31077418,45000000
The Iron Giant,7.90,38791,23159305,31333917,50000000
Nick and Norah's Infinite Playlist,6.80,24021,31487293,31487293,10000000
Pinocchio,3.50,3215,3681811,31681811,45000000
Striptease,3.90,18012,32773011,32773011,50000000
Mercury Rising,5.80,21449,32983332,32983332,60000000
Confessions of a Dangerous Mind,7.10,36258,16007718,33013805,29000000
Confessions of a Teenage Drama Queen,4.30,9976,29331068,33051296,15000000
Hart's War,6.20,19541,19076815,33076815,70000000
Blade Runner,8.30,185546,32656328,33139618,28000000
The Town,8.70,493,30980607,33180607,37000000
Wonder Boys,7.50,31572,19389454,33422485,35000000
Pay it Forward,6.80,36762,33508922,33508922,40000000
Because of Winn-Dixie,6.10,3720,32647042,33589427,15000000
Nochnoy dozor,6.50,25136,1502188,33923550,4200000
The Relic,5.40,10249,33956608,33956608,60000000
Cirque du Freak: The Vampire's Assistant,6.10,9539,14046595,34372469,40000000
The Indian in the Cupboard,5.70,4836,35627222,35627222,45000000
Alive,3.20,124,36299670,36299670,32000000
The Thin Red Line,7.50,60966,36400491,36400491,52000000
The Action/Adventures of Pinocchio,5.30,1734,15382170,36682170,25000000
Out of Sight,7.10,38263,37562568,37562568,48000000
How Stella Got Her Groove Back,5.10,3080,37672944,37672944,20000000
Emma,6.80,13798,22231658,37831658,5900000
Quest for Camelot,5.00,3053,22772500,38172500,40000000
The Missing,7.40,19068,26900336,38253433,65000000
Someone Like You,5.80,10073,27338033,38684906,23000000
Whale Rider,7.70,21814,20779666,38833352,4300000
Primary Colors,6.70,15340,39017984,39017984,65000000
Thank You For Smoking,7.80,65340,24793509,39232211,7500000
The Legend of Bagger Vance,6.40,21995,30695227,39235486,60000000
Anna and the King,6.50,14881,39251128,39251128,75000000
The Secret Life of Bees,7.00,7077,37766350,39612166,11000000
Memento,8.70,274524,25544867,39665950,5000000
The Beach,4.50,229,39778599,39778599,50000000
The Boy in the Striped Pyjamas,7.80,21683,9030581,39830581,12500000
I Still Know What You Did Last Summer,4.10,23268,40020622,40020622,24000000
Bless the Child,4.80,7765,29374178,40435694,40000000
Where the Heart Is,6.40,13302,33771174,40862054,15000000
A Good Year,6.80,23149,7459300,42064105,35000000
Freedom Writers,7.50,18065,36605602,43090741,21000000
In the Bedroom,7.50,20888,35930604,43430604,1700000
Exorcist: The Beginning,5.00,15901,41814863,43957541,78000000
Hardball,4.10,165,40222729,44102389,21000000
The Sisterhood of the Traveling Pants 2,6.20,6557,44089964,44154645,27000000
The Jungle Book,5.80,5564,44342956,44342956,27000000
Good Boy!,5.00,1961,37667746,45312217,17000000
The Rainmaker,6.90,20514,45916769,45916769,40000000
A Walk to Remember,7.10,38045,41227069,46060915,11000000
For Love of the Game,6.20,13612,35188640,46112640,50000000
The Nativity Story,6.60,4701,37629831,46432264,35000000
The Black Dahlia,5.60,35210,22672813,46672813,60000000
Eternal Sunshine of the Spotless Mind,8.50,219986,34366518,47066518,20000000
The Wedding Date,5.50,12205,31726995,47175038,15000000
High Fidelity,7.60,69740,27277055,47881663,20000000
The Last King of Scotland,7.80,54022,17606684,48363516,6000000
Leaving Las Vegas,7.60,42131,31983777,49800000,4000000
Little Women,7.10,16514,50003303,50003303,15000000
Absolute Power,6.50,20154,50068310,50068310,50000000
Fever Pitch,6.30,16736,42071069,50071069,40000000
Sphere,5.60,31461,37068294,50168294,73000000
K-PAX,7.30,50475,50315140,50315140,48000000
Pooh's Heffalump Movie,6.30,1605,18098433,52858433,20000000
Message in a Bottle,5.60,13108,52880016,52880016,30000000
Into the Wild,8.20,99464,18354356,53813837,20000000
The Borrowers,5.60,4340,22619589,54045832,29000000
The Count of Monte Cristo,7.60,40605,54228104,54228104,40000000
The Mothman Prophecies,6.50,26948,35228696,54639865,42000000
The Mist,7.40,76830,25593755,54777490,13000000
Derailed,3.40,3317,36020063,54962616,22000000
The Ant Bully,6.20,7766,28142535,55181129,45000000
Clueless,6.70,39055,56598476,56598476,13700000
A Civil Action/Adventure,6.40,14244,56709981,56709981,60000000
The Man in the Iron Mask,7.20,561,56968169,56968169,35000000
The Specialist,4.90,18749,57362581,57362581,45000000
Inkheart,6.10,14157,17303424,58051454,60000000
Must Love Dogs,5.90,13491,43894863,58894863,35000000
The Insider,8.00,68747,28965197,60265197,68000000
Kiss the Girls,6.40,20932,60527873,60527873,27000000
Marie Antoinette,6.40,31877,15962471,60862471,40000000
The 13th Warrior,6.30,36151,32698899,61698899,125000000
Flags of Our Fathers,7.20,42788,33602376,61902376,53000000
Friday Night Lights,7.20,20868,61255921,61950770,30000000
Captain Corelli's Mandolin,5.70,14706,25528495,62097495,57000000
Random Hearts,4.80,11100,31054924,63200000,64000000
The Ghost Writer,7.60,22875,15541549,63241549,45000000
Precious (Based on the Novel Push by Sapphire),7.50,24504,47566524,63471431,10000000
High Crimes,6.10,14428,41543207,63781100,42000000
Wag the Dog,7.00,36092,43057470,64252038,15000000
Without a Paddle,5.70,17207,58156435,65121280,30000000
Se jie,7.60,15440,4604982,65696051,15000000
K-19: The Widowmaker,6.50,22288,35168966,65716126,90000000
Legends of the Fall,7.10,39815,66502573,66502573,30000000
102 Dalmatians,4.40,7147,66941559,66941559,85000000
The Men Who Stare at Goats,6.40,33763,32428195,67348218,24000000
Other Range,7.50,26438,58328680,68293719,26000000
Practical Magic,5.50,20196,46850558,68336997,60000000
Babe: Pig in the City,6.10,9918,18319860,69131860,80000000
Children of Men,8.10,158125,35552383,69450202,76000000
Curious George,6.70,5393,58640119,70114174,50000000
Babylon A.D.,5.30,27189,22532572,70216497,45000000
What Dreams May Come,6.60,30486,55485043,71485043,80000000
Rules of Engagement,6.20,18462,61322858,71719931,60000000
Holes,7.10,19388,67383924,72383924,20000000
Jackie Brown,7.60,84068,39673162,72673162,12000000
The Other Boleyn Girl,6.70,26198,26814957,72944278,40000000
The Kite Runner,7.80,26816,15800078,73222245,20000000
The Horse Whisperer,6.30,15831,75383563,75383563,60000000
Dreamcatcher,5.30,34141,33685268,75685268,68000000
Cruel Intentions,6.70,66861,38230075,75803716,11000000
The Last Song,3.90,7210,62950384,75850384,20000000
Revolutionary Road,7.60,45887,22911480,76989671,35000000
The Sentinel,6.10,23567,36280697,77280697,60000000
Hostage,7.30,3070,34636443,77636443,75000000
Apocalypse Now,8.60,173141,78800000,78800000,31500000
Exit Wounds,5.20,14528,51758599,79958599,33000000
Hannibal Rising,6.00,28690,27669725,80583311,50000000
The Constant Gardener,7.60,50763,33579798,81079798,25500000
The Talented Mr. Ripley,7.20,63319,81292135,81292135,40000000
Blow,7.40,70218,52990775,83282296,30000000
The Illusionist,7.70,92040,39868642,84276175,16500000
"Boot, Das",4.30,2184,11487676,84970337,12000000
Eyes Wide Shut,7.20,93880,55691208,86257553,65000000
Peter Pan,7.10,16894,87400000,87400000,4000000
Bicentennial Man,6.40,28827,58220776,87420776,90000000
The Tale of Despereaux,6.10,7460,50877145,88717945,60000000
My Sister's Keeper,7.40,13839,49200230,89053995,27500000
Paycheck,6.10,35660,53789313,89350576,60000000
Nanny McPhee and the Big Bang,6.10,2326,27776620,90676620,35000000
Treasure Planet,6.60,12099,38120554,91800000,100000000
Secret Window,6.50,53868,47958031,92958031,40000000
Nim's Island,6.00,10391,48006762,94081683,37000000
The Lovely Bones,6.60,32049,44028238,94702568,65000000
Be Cool,5.60,32082,55849401,94849401,75000000
Syriana,7.10,53265,50824620,95024620,50000000
Shooter,7.20,149,47003582,95203582,60000000
Peter Pan,7.10,16894,48417850,95255485,100000000
Christmas with the Kranks,4.70,9126,73701902,96501902,50000000
Jarhead,7.20,60650,62647540,96947540,72000000
The Time Traveler's Wife,7.10,23908,63414846,98666635,39000000
The Time Machine,5.60,32465,56684819,98983590,80000000
Where the Wild Things Are,7.20,30669,77233467,99123656,100000000
Just Like Heaven,6.80,29457,48318130,100687083,58000000
Fight Club,8.80,382470,37030102,100853753,65000000
The Notebook,8.00,95850,81001787,102276787,30000000
The Hitchhiker's Guide to the Galaxy,6.60,61513,51019112,104019112,45000000
Don't Say a Word,6.10,22157,54997476,104488383,50000000
Along Came a Spider,6.10,22994,74058698,105159085,28000000
About Schmidt,7.30,53760,65005217,105823486,30000000
The Reader,7.70,46984,34192652,106107610,33000000
The Prestige,8.40,207322,53089891,107896006,40000000
Body of Lies,7.20,53921,39394666,108394666,67500000
The Hours,7.60,44618,41675994,108775994,25000000
Sideways,7.80,69778,71502303,109705641,17000000
Arthur et les Minimoys,5.90,7626,15132763,110102340,80000000
Casino,8.10,108634,42438300,110400000,52000000
L.A. Confidential,8.40,165161,64604977,110604977,35000000
Doctor Zhivago,8.00,27671,111721000,111721000,11000000
Dear John,7.00,246,80014842,112014842,25000000
We Were Soldiers,6.90,42580,78120196,114658262,70000000
Snow Dogs,4.90,7561,81150692,115010692,32000000
Get Shorty,6.90,33364,72021008,115021008,30250000
Rambo,7.30,82600,42754105,116754105,47500000
The Client,6.50,19299,92115211,117615211,45000000
Charlie Wilson's War,7.30,43168,66661095,118661095,75000000
Pride and Prejudice,5.50,1230,38372662,120918508,28000000
Starship Troopers,7.10,83516,54768952,121100000,100000000
Sahara,5.90,30739,68671925,121671925,145000000
The Princess Diaries 2: Royal Engagement,5.30,12439,95149435,122071435,45000000
Nanny McPhee,6.70,13391,47279279,122540909,25000000
Big Fish,8.10,141099,66432867,123432867,70000000
Coraline,7.80,38464,75286229,124062750,60000000
First Blood,7.40,56369,47212904,125212904,14000000
I Know What You Did Last Summer,5.40,36807,72250091,125250091,17000000
Julie & Julia,7.20,22269,94125426,126646119,40000000
1408,6.90,72913,71985628,128529299,22500000
Mean Girls,7.00,63607,86047227,128947227,18000000
The Forbidden Kingdom,6.70,36548,52075270,129075270,55000000
Atonement,7.90,75491,50980159,129425746,30000000
About a Boy,7.40,48875,40803000,129949664,27000000
Perfume: The Story of a Murderer,7.50,51704,2223293,132180323,63700000
The Cat in the Hat,3.40,15318,101018283,133818283,109000000
Sense and Sensibility,7.70,31279,42993774,134993774,16500000
Stardust,7.90,87883,38634938,135556675,70000000
The Jungle Book 2,5.20,2740,47901582,135703599,20000000
Bridge to Terabithia,7.40,34482,82234139,136934139,25000000
Cloudy with a Chance of Meatballs,7.20,19913,124870275,139525862,100000000
Anastasia,6.60,16513,58403409,139801410,53000000
The Devil's Own,5.80,21331,42885593,140900000,90000000
Charlotte's Web,6.70,8028,82985708,143985708,82500000
Seabiscuit,7.40,31033,120277854,148336445,86000000
The General's Daughter,6.10,23570,102705852,149705852,60000000
The Bone Collector,6.30,46961,66488090,151463090,48000000
Congo,4.60,17954,81022333,152022333,50000000
A Time to Kill,7.10,38577,108766007,152266007,40000000
Chocolat,7.30,56176,71309760,152500343,25000000
Mystic River,8.00,119484,90135191,156835191,30000000
21,6.70,60918,81159365,157852532,35000000
Memoirs of a Geisha,7.10,38695,57010853,161510853,85000000
Payback,5.80,304,81526121,161626121,50000000
Cold Mountain,7.30,51083,95632614,161632614,80000000
No Country for Old Men,8.30,197898,74273505,162103209,25000000
The Spiderwick Chronicles,6.80,18715,71195053,162839667,92500000
The Princess Diaries,5.90,23486,108244774,165334774,30000000
Sleepers,7.30,51874,53300852,165600852,44000000
Contact,7.30,73684,100920329,165900000,90000000
Stuart Little 2,5.60,7534,64956806,166000000,120000000
Mr. Deeds,5.50,39756,126293452,171269535,50000000
Black Hawk Down,7.70,98653,108638745,173638745,95000000
The Bridges of Madison County,7.20,21923,71516617,175516617,22000000
How to Lose a Guy in 10 Days,6.10,33866,105807520,177079973,50000000
The Haunting,4.60,31808,91188905,180188905,80000000
Brokeback Mountain,7.80,115951,83043761,180343761,13900000
The First Wives Club,5.60,14682,105489203,181489203,30000000
Atlantis: The Lost Empire,6.40,15552,84052762,186049020,90000000
Knowing,6.40,58138,79957634,187858642,50000000
The Sum of All Fears,6.30,38586,118471320,193500000,68000000
Beowulf,6.60,62513,82195215,194995215,150000000
Lemony Snicket's A Series of Unfortunate Events,6.90,51614,118627117,201627117,100000000
JFK,8.00,59684,70405498,205400000,40000000
Red Dragon,7.30,66386,92955420,206455420,78000000
Sleepy Hollow,7.50,107511,101068340,207068340,70000000
Clear and Present Danger,6.80,29612,122012656,207500000,62000000
Jaws 2,5.60,18793,102922376,208900376,20000000
Master and Commander: The Far Side of the World,7.50,63632,93926386,209486484,135000000
Public Enemies,7.10,71323,97104620,210379983,102500000
The Bourne Identity,7.70,122597,121468960,213300000,60000000
Dracula,6.40,136,82522790,215862692,40000000
Million Dollar Baby,8.20,141212,100492203,216763646,30000000
The Prince of Egypt,6.80,24569,101413188,218600000,60000000
Jumper,5.90,69161,80172128,222117068,82500000
Interview with the Vampire: The Vampire Chronicles,7.40,78953,105264608,223564608,50000000
Yes Man,7.00,62150,97690976,225990976,50000000
Percy Jackson & the Olympians: The Lightning Thief,5.80,20451,88761720,226435277,95000000
The English Patient,7.30,54484,78716374,231716374,35000000
Artificial Intelligence: AI,6.90,91901,78616689,235900000,90000000
Journey to the Center of the Earth,5.90,23756,101704370,240904370,45000000
Babe,7.30,35644,63658910,246100000,30000000
Eragon,5.00,43555,75030163,249488115,100000000
Hercules,6.80,21902,99112101,250700000,70000000
Jumanji,6.40,54973,100458310,262758310,65000000
The Princess and the Frog,7.40,16232,104374107,263467382,105000000
Bridget Jones: The Edge Of Reason,5.60,26325,40203020,263894551,50000000
The Firm,5.50,957,158340892,270340892,42000000
Bridget Jones's Diary,6.80,58213,71500556,281527158,25000000
The Green Mile,8.40,198916,136801374,286601374,60000000
The Bourne Supremacy,7.60,104614,176087450,288587450,85000000
Shutter Island,8.00,105706,128012934,294512934,80000000
Horton Hears a Who,7.20,31323,154529439,297133947,85000000
Stuart Little,5.80,23226,140015224,298800000,105000000
Rambo: First Blood Part II,5.80,38548,150415432,300400000,44000000
The Polar Express,6.70,28550,181320597,305420597,170000000
The Hunchback of Notre Dame,6.50,19479,100138851,325500000,100000000
The Devil Wears Prada,6.80,66627,124740460,326551094,35000000
The Perfect Storm,6.20,55716,182618434,328711434,120000000
The Curious Case of Benjamin Button,8.00,137120,127509326,329809326,160000000
Apollo 13,7.50,87605,172070496,334100000,65000000
Tomorrow Never Dies,6.40,46650,125304276,339504276,110000000
How the Grinch Stole Christmas,5.70,40310,260044825,345141403,123000000
Hannibal,6.40,74862,165092266,350100280,87000000
Catch Me if You Can,5.70,224,164606800,351106800,52000000
Goldeneye,7.20,69199,106429941,356429941,60000000
Minority Report,7.70,135142,132024714,358824714,102000000
The World is Not Enough,6.30,59406,126930660,361730660,135000000
Die Hard: With a Vengeance,7.40,87437,100012499,364480746,90000000
Jurassic Park 3,7.90,151365,181166115,365900000,93000000
Live Free or Die Hard,7.50,130559,134529403,383531464,110000000
Gone with the Wind,8.20,78947,198680470,390525192,3900000
Twilight,6.10,4840,192769854,396439854,37000000
The Exorcist,8.10,103131,204632868,402500000,12000000
Beauty and the Beast,3.40,354,171340294,403476931,20000000
Night at the Museum: Battle of the Smithsonian,5.90,25631,177243721,413054631,150000000
The Chronicles of Narnia: Prince Caspian,6.90,46608,141621490,419490286,225000000
Die Another Day,6.00,67476,160942139,431942139,142000000
Mrs. Doubtfire,6.60,56917,219195051,441286003,25000000
The Bourne Ultimatum,8.20,146025,227471070,442161562,130000000
Tarzan,6.90,26871,171091819,448191819,145000000
Jaws,8.30,138017,260000000,470700000,12000000
Shrek,8.00,163855,267655011,484399218,50000000
Angels & Demons,6.70,60114,133375846,485975846,150000000
How to Train Your Dragon,8.20,28556,217581231,491581231,165000000
Twister,6.00,61665,241888385,495900000,88000000
Troy,7.00,129575,133298577,497398577,150000000
Sherlock Holmes,7.50,91555,209028679,518249844,80000000
Night at the Museum,6.40,67133,250863268,574480841,110000000
Quantum of Solace,6.80,93596,169368427,576368427,230000000
I am Legend,7.10,153631,256393010,585055701,150000000
Casino Royale,8.00,172936,167365000,596365000,102000000
The Passion of the Christ,7.10,87326,370782930,611899420,25000000
Forrest Gump,8.60,300455,329694499,679400525,55000000
Shrek Forever After,6.70,12193,238395990,729395990,165000000
The Da Vinci Code,6.40,116903,217536138,757236138,125000000
The Lost World: Jurassic Park,6.00,77124,229086679,786686679,75000000
Harry Potter and the Prisoner of Azkaban,7.70,108928,249538952,795538952,130000000
Shrek the Third,6.10,59778,322719944,798958162,160000000
The Lord of the Rings: The Fellowship of the Ring,8.80,387438,314776170,868621686,109000000
Harry Potter and the Chamber of Secrets,7.20,120063,261987880,878987880,100000000
Harry Potter and the Goblet of Fire,7.60,111946,290013036,896013036,150000000
Shrek 2,7.50,95658,441226247,919838758,70000000
Jurassic Park,7.90,151365,357067947,923067947,63000000
The Lord of the Rings: The Two Towers,8.70,326950,341784377,926284377,94000000
Harry Potter and the Half-Blood Prince,7.30,73720,301959197,937499905,250000000
Harry Potter and the Order of the Phoenix,7.40,104074,292004738,938468864,150000000
Harry Potter and the Sorcerer's Stone,7.20,132238,317557891,976457891,125000000
Alice in Wonderland,6.70,63458,334191110,1023291110,200000000
The Lord of the Rings: The Return of the King,8.80,364077,377027325,1133027325,94000000
Steel,2.70,4409,1686429,1686429,16000000
Tank Girl,4.70,10772,4064333,4064333,25000000
Monkeybone,4.50,8211,5409517,5409517,75000000
American Splendor,7.60,23686,6003587,7978681,2000000
Punisher: War Zone,6.10,20865,8050977,8199130,35000000
Ghost World,7.70,42973,6217849,8764007,5500000
Jonah Hex,4.30,2316,10547117,10547117,47000000
Whiteout,5.30,10044,10275638,12254746,35000000
Zoom,3.40,7424,11989328,12506188,35000000
The Phantom,4.80,9477,17220599,17220599,45000000
Bulletproof Monk,5.20,17130,23010607,23010607,52000000
Virus,4.50,10487,14010690,30626690,75000000
From Hell,6.80,53477,31598308,31598308,35000000
The Shadow,5.60,9530,31835600,31835600,40000000
The Covenant,4.80,17736,23364784,38164784,20000000
Scott Pilgrim vs. The World,8.10,17461,31167395,43149143,85000000
Astro Boy,6.40,5265,19551067,44093014,65000000
The Punisher,6.40,50482,33664370,54664370,33000000
Son of the Mask,2.00,15800,17018422,59918422,100000000
A History of Violence,7.60,79738,31493782,59993782,32000000
30 Days of Night,6.60,52518,39568996,75066323,30000000
Kick-Ass,8.10,86990,48071303,76252166,28000000
Catwoman,3.20,34651,40202379,82102379,100000000
Spawn,4.80,21366,54979992,87949859,40000000
TMNT,6.60,26178,54149098,95009888,35000000
Hellboy,6.80,67763,59623958,99823958,60000000
Timecop,5.50,16570,44853581,102053581,28000000
Judge Dredd,4.90,30736,34687912,113487912,85000000
Surrogates,6.30,36940,38577772,119668350,80000000
Blade,7.00,64896,70141876,131237688,45000000
Blade: Trinity,5.70,42477,52397389,132397389,65000000
V for Vendetta,8.20,224636,70511035,132511035,50000000
AstÈrix aux Jeux Olympiques,4.90,5620,999811,132999811,113500000
Blade 2,5.50,90,81676888,154338601,54000000
Sin City,8.30,255814,74103820,158753820,40000000
Hellboy 2: The Golden Army,7.30,61902,75986503,160388063,82500000
Daredevil,5.50,63574,102543518,179179718,80000000
The League of Extraordinary Gentlemen,5.50,50710,66465204,179265204,78000000
Watchmen,7.80,132250,107509799,184068357,138000000
Garfield,4.80,19870,75367693,200802638,50000000
Constantine,6.70,78705,75976178,230884728,75000000
Ghost Rider,5.20,63235,115802596,237702596,120000000
Hulk,5.70,70844,132177234,245360480,137000000
The Incredible Hulk,7.10,82419,134806913,263349257,137500000
Superman,4.90,129,134218018,300200000,55000000
Fantastic Four,5.70,71675,154696080,330579719,87500000
X-Men,7.40,120706,157299717,334627820,75000000
Wanted,6.40,1089,134508551,340934768,75000000
The Mask,6.60,72981,119920129,343900000,18000000
Batman Begins,8.30,270641,205343774,372353017,150000000
Monsters vs. Aliens,6.80,26582,198351526,381687380,175000000
Superman Returns,6.60,102751,200120000,391120000,232000000
X2,7.80,112320,214949694,407711549,125000000
Batman,7.60,111464,251188924,411348924,35000000
Men in Black 2,7.40,467,190418803,441818803,140000000
300,7.80,235508,210614939,456068181,60000000
X-Men: The Last Stand,6.90,109125,234362462,459359555,150000000
Iron Man,7.90,174040,318604126,582604126,186000000
Men in Black,7.00,119704,250690539,587790539,90000000
Iron Man 2,7.30,61256,312128345,622128345,170000000
Spider-Man 2,7.70,141940,373524485,783705001,200000000
Spider-Man,7.40,167524,403706375,821708551,139000000
Spider-Man 3,6.40,141513,336530303,890871626,258000000
The Dark Knight,8.90,465000,533345358,1022345358,185000000
BloodRayne,2.70,20137,2405420,2405420,25000000
DOA: Dead or Alive,4.90,16646,480314,2670860,30000000
Alone in the Dark,2.30,26028,5178569,8178569,20000000
Wing Commander,3.70,9460,11578022,11578022,30000000
The House of the Dead,6.50,5541,10199354,13767816,7000000
Dungeons and Dragons,3.60,16954,15185241,33771965,35000000
Mortal Kombat: Annihilation,3.20,16672,35927406,51327406,30000000
Doom,5.20,39473,28212337,54612337,70000000
Final Fiction: The Spirits Within,6.40,36227,32131830,85131830,137000000
Max Payne,5.40,47541,40687294,85761789,35000000
Street Fighter,3.30,25407,33423000,99423000,35000000
Silent Hill,6.50,65485,46982632,99982632,50000000
Resident Evil,6.40,68342,40119709,103787401,35000000
Mortal Kombat,5.40,29605,70433227,122133227,20000000
Resident Evil: Apocalypse,5.80,52753,50740078,128940078,50000000
Resident Evil: Extinction,6.20,49502,50648679,146162920,45000000
Lara Croft: Tomb Raider: The Cradle of Life,5.20,32832,65653758,156453758,90000000
Lara Croft: Tomb Raider,5.40,55582,131144183,274644183,94000000
Isn't She Great,4.90,1426,2954405,2954405,36000000
Pushing Tin,5.90,16160,8408835,8408835,33000000
City by the Sea,6.10,13487,22433915,22433915,40000000
Blue Crush,5.50,11699,40118420,51327420,30000000
Proof of Life,6.10,23099,32598931,62761005,65000000
The Peacemaker,5.80,21524,41263140,62967368,50000000
Eat Pray Love,4.70,3019,78146373,81846373,60000000
The Fast and the Furious,6.00,67939,144512310,206512310,38000000
2 Fast 2 Furious,5.10,44151,127120058,236220058,76000000
A Beautiful Mind,8.00,126067,170708996,316708996,78000000
The Damned United,7.50,7560,449865,4054204,6400000
An Education,7.50,22855,12574914,14134502,7500000
The Informant,6.20,380,33316821,41771168,22000000
Green Zone,7.10,26759,35053660,84788541,100000000
The Blind Side,7.70,42320,255959475,301759475,35000000
Good,6.20,1926,27276,27276,16000000
The Salon,3.50,308,139084,139084,1500000
Illuminata,6.10,1100,836641,836641,10000000
Urbania,6.70,2218,1032075,1032075,225000
Get Real,7.50,6026,1152411,1152411,2000000
Faithful,5.70,989,2104439,2104439,13000000
Hamlet,6.00,5147,1577287,2288841,2000000
Othello,6.90,4289,2844379,2844379,11000000
In the Company of Men,7.20,7601,2883661,2883661,25000
East is East,6.70,8351,4170647,4170647,3000000
Richard III,7.50,6625,2684904,4204857,9200000
Little Voice,6.90,8453,4595000,4595000,6000000
Real Women Have Curves,7.00,4396,5853194,5853194,3000000
Bug,6.00,14164,7006708,7006708,4000000
Hamlet,6.00,5147,4501094,7129670,18000000
Proof,6.90,18622,7535331,8284331,20000000
The Importance of Being Earnest,6.70,9345,8378141,8378141,15000000
Kissing Jessica Stein,6.80,8291,7025722,8915268,1500000
The Libertine,6.40,16266,4835065,9448623,22000000
Henry V,7.90,14499,10161099,10161099,9000000
Marvin's Room,6.60,9684,12803305,12803305,23000000
The History Boys,6.70,10293,2730296,13425589,3700000
An Ideal Husband,6.70,8078,18542974,18542974,10700000
Shadowlands,7.40,7689,25842377,25842377,22000000
Frost/Nixon,7.90,36366,18622031,28144586,29000000
Paint Your Wagon,6.50,5037,31678778,31678778,20000000
Ten Things I Hate About You,6.90,61910,38177966,38177966,13000000
Meet the Browns,3.10,3362,41975388,41975388,20000000
8 femmes,7.00,13631,3076425,42376425,8000000
Diary of a Mad Black Woman,4.90,5565,50406346,50425450,5500000
Amadeus,8.40,96997,51973029,51973029,18000000
She's the Man,6.40,26513,33889159,56889159,25000000
Madea's Family Reunion,3.90,5369,63257940,63308879,10000000
Man cheng jin dai huang jin jia,7.00,17975,6566773,75566773,45000000
Madea Goes To Jail,3.10,5468,90508336,90508336,17500000
Closer,2.90,212,33987757,115987757,35000000
Finding Neverland,7.90,86828,51676606,118676606,25000000
Romeo+Juliet,6.50,78,46338728,147542381,14500000
You've Got Mail,6.20,52587,115821495,250800000,65000000
My Big Fat Greek Wedding,6.60,46548,241438208,368744044,5000000
"Peace, Propaganda and the Promised Land",3.00,75,4930,4930,70000
Lake of Fire,8.40,1027,25317,25317,6000000
Sisters in Law,6.70,203,33312,33312,300000
10th & Wolf,6.30,3655,54702,54702,8000000
Redacted,6.10,5759,65388,65388,5000000
Love Ranch,5.60,163,134904,134904,25000000
Hybrid,2.20,380,162605,162605,200000
My Date With Drew,6.50,2961,181041,181041,1100
Once in a Lifetime: the Extraordinary Story of the New York Cosmos,7.10,643,144601,206351,1000000
Standard Operating Procedure,7.50,1640,228830,228830,5000000
Sex with Strangers,5.00,151,247740,247740,1100000
Stonewall,7.00,741,304602,304602,2000000
Copying Beethoven,6.80,5017,355968,355968,11000000
Short Cut to Nirvana: Kumbh Mela,6.90,105,381225,439651,200000
The Last Shot,5.70,2711,463730,463730,40000000
Madison,6.40,536,517262,517262,14000000
Prefontaine,6.20,2580,590817,590817,8000000
Trekkies,6.90,3004,617172,617172,375000
Inside Deep Throat,6.90,3264,691880,691880,2000000
Without Limits,6.90,3369,780326,780326,25000000
Princess Kaiulani,5.30,224,883454,883454,9000000
Joyeux NoÎl,7.80,9363,1054361,1054361,22000000
Wonderland,6.60,11966,1060512,1060512,5500000
In the Shadow of the Moon,8.00,2974,1134358,1134358,2000000
Tarnation,7.10,3847,592014,1162014,218
Saints and Soldiers,7.00,7581,1310470,1310470,780000
No End In Sight,8.30,4086,1433319,1433319,2000000
It's All Gone Pete Tong,7.30,7631,120620,1470620,2000000
Factory Girl,6.10,8680,1661464,1661464,7000000
Murderball,7.80,5699,1531154,1722277,350000
Find Me Guilty,7.10,12800,1173673,1788077,13000000
Tumbleweeds,6.40,2152,1350248,1788168,312000
Beyond the Mat,7.20,4067,2047570,2047570,500000
Jefferson in Paris,5.60,1464,2461628,2461628,14000000
Shattered Glass,7.40,14575,2207975,2932719,6000000
Basquiat,6.70,7935,2962051,2962051,3000000
Gracie,6.20,2084,2956339,3036736,9000000
Wordplay,7.40,2222,3121270,3177636,500000
Riding Giants,7.70,2193,2276368,3216111,2600000
Zwartboek,8.00,27288,4398392,4398392,22000000
Rize,6.80,2052,3278611,4462763,700000
Slums of Beverly Hills,6.40,5821,5502773,5502773,5000000
The Children of Huang Shi,6.90,4100,1031872,5527507,20000000
Get on the Bus,6.70,2701,5691854,5691854,2400000
Catch a Fire,6.80,5959,4299773,5699773,14000000
The Straight Story,8.00,36265,6197866,6197866,10000000
Topsy Turvy,7.10,6215,6201757,6201757,20000000
Against the Ropes,5.20,3547,5881504,6429865,39000000
Rescue Dawn,7.50,37764,5490423,7037886,10000000
Beyond the Sea,6.60,8002,6144806,7061637,24000000
The Hoax,6.90,9171,7164995,7164995,25000000
Cadillac Records,6.70,5026,8138000,8138000,12000000
Mad Hot Ballroom,7.40,2562,8117961,9079042,500000
Veronica Guerin,6.80,8778,1569918,9438074,17000000
Bright Star,7.10,5957,4444637,9469105,8500000
White Squall,6.40,8385,10229300,10229300,38000000
The Newton Boys,5.70,4443,10341093,10341093,27000000
The Night Listener,5.90,8437,7836393,10547755,4000000
Pollock,7.10,9669,8596914,10557291,6000000
The Young Victoria,7.20,8408,11001272,11001272,35000000
The Squid and the Whale,7.60,23521,7372734,11098131,1500000
Stop-Loss,6.50,9268,10915744,11179472,25000000
I'm Not There,7.10,23078,4017609,11498547,20000000
Hoop Dreams,8.00,9492,7768371,11768371,700000
Extraordinary Measures,6.40,3770,12482741,12697741,31000000
Kinsey,7.20,20135,10214647,13000959,11000000
Ghosts of Mississippi,6.40,5276,13052741,13052741,36000000
Religulous,7.80,23094,13011160,13136074,2500000
Tea with Mussolini,6.70,5435,14395874,14395874,14000000
Capitalism: A Love Story,7.30,11829,14363397,14678228,20000000
Flyboys,6.50,13934,13090630,14816379,60000000
The World's Fastest Indian,7.90,19687,5128124,16509706,25000000
Domino,5.90,32560,10169202,17759202,50000000
De-Lovely,6.50,6086,13337299,18396382,4000000
Michael Jordan to the MAX,7.20,746,18642318,18642318,7000000
Martin Lawrence Live: RunTelDat,4.90,1166,19184820,19184820,3000000
Summer of Sam,6.50,18431,19288130,19288130,22000000
Die F‰lscher,7.60,16525,5488570,19416495,6250000
Bobby,7.10,23262,11242801,20597806,14000000
U2 3D,8.30,2090,10363341,22664070,15000000
Antwone Fisher,7.30,13258,21078145,23367586,12500000
Raging Bull,8.40,90015,23380203,23380203,18000000
North Country,7.20,16497,18324242,23624242,30000000
The Alamo,5.90,10063,22406362,23911362,92000000
In the Valley of Elah,7.40,27529,6777741,24489150,23000000
Wyatt Earp,6.40,15614,25052000,25052000,63000000
Michael Collins,6.90,11805,11092559,27572844,25000000
Wolf Creek,6.30,22594,16186348,27649774,1100000
Luther,6.80,5909,5781086,29465190,35000000
Super Size Me,7.60,33805,11529368,29529368,65000
Riding in Cars with Boys,6.20,11895,29781453,29781453,47000000
The Great Debaters,7.60,14530,30226144,30226144,15000000
Rob Roy,6.80,15630,31390587,31390587,28000000
Sicko,8.20,40886,24538513,33538513,9000000
Nixon,7.10,13761,13668249,34668249,45000000
Miss Potter,7.10,10236,3005605,35025861,30000000
Selena,6.30,7996,35450113,35450113,20000000
Shine,7.60,22439,35811509,35811509,5500000
Becoming Jane,7.00,15167,18663911,37304637,16500000
The Original Kings of Comedy,6.20,3258,38168022,38236338,3000000
The Soloist,6.70,14257,31720158,38286958,60000000
The Ghost and the Darkness,6.60,19735,38564422,38564422,55000000
Mar adentro,7.20,466,2086345,39686345,13300000
Gridiron Gang,6.80,12400,38432823,41480851,30000000
Amistad,7.10,28477,44212592,44212592,40000000
Notorious,6.30,9811,36842118,44473591,19000000
Capote,7.60,41472,28750530,46309352,7000000
Man on the Moon,7.40,49481,34580635,47407635,52000000
Coco avant Chanel,6.50,6720,6113834,48846765,23000000
Milk,3.60,479,31841299,50164027,20000000
Fargo,8.30,165159,24567751,51204567,7000000
Radio,6.90,12070,52333738,53293628,35000000
Good Night and Good Luck,7.70,42797,31501218,54601218,7000000
Donnie Brasco,7.70,65462,41954997,55954997,35000000
Frida,7.30,26243,25885000,56298474,12000000
Tombstone,7.70,43688,56505000,56505000,25000000
Monster,7.40,39908,34469210,58003694,5000000
Bowling for Columbine,8.20,76928,21576018,58576018,3000000
The Bank Job,7.50,50848,30060660,63060660,20000000
The Miracle,6.10,126,64378093,64445708,28000000
August Rush,7.50,28650,31664162,65627510,25000000
Take the Lead,6.50,10015,34742066,65742066,30000000
Thirteen Days,7.30,23578,34566746,66554547,80000000
Letters from Iwo Jima,8.10,56872,13756082,68756082,13000000
Oceans,7.60,1429,19422319,72965951,80000000
The Hurricane,7.40,32172,50699241,73956241,38000000
United 93,7.80,46691,31567134,76366864,18000000
Elizabeth,7.60,33773,30082699,82150642,25000000
Men of Honor,6.80,30630,48814909,82339483,32000000
Dead Man Walking,7.60,32159,39387284,83088295,11000000
La MÙme,7.60,21412,10299782,83499782,15500000
Ali,6.60,31785,58183966,84383966,109000000
Downfall,6.10,404,5501940,92101940,13500000
Enemy at the Gates,7.40,59916,51396781,96971293,85000000
Cinderella Man,8.00,63111,61649911,108539911,88000000
Coyote Ugly,5.30,33808,60786269,115786269,45000000
The Pianist,8.50,134516,32519322,120000000,35000000
The Queen,7.60,34785,56441711,122840603,15000000
La marche de l'empereur,7.80,23674,77437223,129437223,3400000
Munich,7.80,79529,47379090,130279090,75000000
Seven Years in Tibet,6.70,29020,37945884,131445884,70000000
Remember the Titans,7.50,49844,115654751,136706683,30000000
The Exorcism of Emily Rose,6.80,32425,75072454,144216468,18000000
World Trade Center,6.20,34341,70278893,163278893,65000000
Alexander,5.40,59498,34297191,167297191,155000000
Walk the Line,7.90,85235,119519402,184319402,29000000
Valkyrie,7.30,54343,83077470,198686497,75000000
Patch Adams,6.30,31481,135041968,202200000,50000000
Braveheart,8.40,240642,75545647,209000000,72000000
The Aviator,7.60,85740,102608827,214608827,110000000
The Terminal,7.10,79803,77073959,218673959,75000000
Fahrenheit 9/11,7.60,74424,119114517,222414517,6000000
Erin Brockovich,7.20,54977,125548685,258400000,50000000
American Gangster,7.90,114060,130164645,265697825,100000000
The Pursuit of Happyness,7.80,77939,162586036,306086036,55000000
Schindler's List,8.90,276283,96067179,321200000,25000000
Pocahontas,6.00,26690,141579773,347100000,55000000
Pearl Harbor,5.40,96186,198539855,449239855,151500000
Office Space,7.90,80972,10827813,12827813,10000000
Jonah: A VeggieTales Movie,6.30,1704,25571351,25606175,14000000
Sling Blade,8.00,41785,24475416,34175000,4833610
Napoleon Dynamite,6.90,76557,44540956,46140956,400000
Looney Tunes: Back in Action/Adventure,6.00,8604,20950820,54540662,80000000
Twelve Monkeys,8.10,169858,57141459,168841459,29000000
The Sorcerer's Apprentice,6.40,9108,62492818,200092818,160000000
G.I. Joe: The Rise of Cobra,5.80,47052,150201498,302469019,175000000
The Singing Detective,5.60,4441,336456,524747,8000000
Strangers with Candy,5.90,4941,2072645,2077844,2000000
The Real Cancun,2.30,3211,3816594,3816594,4000000
McHale's Navy,3.90,3466,4408420,4408420,42000000
From Justin to Kelly,1.60,17596,4922166,4922166,12000000
Dudley Do-Right,3.60,4628,9818792,9818792,22000000
Barney's Great Action/Adventure,2.10,1456,11156471,11156471,15000000
The Action/Adventures of Elmo in Grouchland,5.40,1059,11634458,11634458,17000000
The Honeymooners,2.60,5012,12834849,13174426,27000000
Hey Arnold! The Movie,5.30,1629,13684949,13684949,10000000
Josie and the Pussycats,5.10,11284,14252830,14252830,22000000
Muppets From Space,6.10,5945,16304786,16304786,24000000
The Powerpuff Girls,5.90,3234,11411644,16425701,25000000
Digimon: The Movie,4.60,1727,9628751,16628751,5000000
Doug's 1st Movie,4.80,920,19421271,19421271,5000000
Reno 911!: Miami,5.80,15684,20342161,20342161,10000000
Doogal,2.50,2709,7578946,26942802,20000000
Thunderbirds,4.00,5397,6768055,28231444,55000000
A Night at the Roxbury,5.70,23259,30331165,30331165,17000000
Superstar,6.00,103,30628981,30628981,14000000
I Spy,5.30,18061,33561137,33561137,70000000
Malibu's Most Wanted,4.80,8159,34308901,34499204,15000000
The Action/Adventures of Rocky & Bullwinkle,4.10,10320,26000610,35129610,76000000
My Favorite Martian,4.50,4918,36850101,36850101,60000000
Sgt. Bilko,5.20,9693,30356589,37956589,39000000
Serenity,8.00,106648,25514517,38514517,39000000
Recess: School's Out,6.20,2176,36696761,44451470,10000000
Aeon Flux,8.10,1193,25857987,47953341,55000000
Fat Albert,4.00,4801,48114556,48563556,45000000
The Avengers,3.40,21432,23385416,48585416,60000000
Naked Gun 33 1/3: The Final Insult,6.10,24904,51041856,51041856,30000000
Rugrats Go Wild,5.00,1847,39402572,55443032,25000000
The Lizzie McGuire Movie,4.70,10199,42734455,55534455,15000000
The Flintstones in Viva Rock Vegas,3.30,5491,35231365,59431365,58000000
The Wild Thornberrys,6.70,1104,40108697,60694737,25000000
Beavis and Butt-head Do America,6.60,22918,63118386,63118386,12000000
Star Trek: Nemesis,6.40,28449,43254409,67312826,60000000
The X-Files: I Want to Believe,5.90,35433,20982478,68369434,35000000
Pokemon 3: The Movie,3.50,2577,17052128,68452128,3000000
Land of the Lost,5.30,16830,49438370,69548641,100000000
Jackass: The Movie,6.30,27454,64282312,75466905,5000000
Edge of Darkness,6.70,24174,43313890,78739628,60000000
Jackass: Number Two,7.20,24434,72778712,83578712,11000000
State of Play,7.30,34067,37017955,91445389,60000000
Speed Racer,6.30,32672,43945766,93394462,120000000
Star Trek II: The Wrath of Khan,7.80,36131,79912963,96800000,12000000
Inspector Gadget,3.90,13881,97387965,97387965,75000000
Jimmy Neutron: Boy Genius,5.90,5379,80936232,102992536,25000000
The Dukes of Hazzard,4.70,27016,80270227,110570227,53000000
Star Trek: Insurrection,6.40,26559,70187658,117800000,70000000
Star Trek: Generations,6.50,26465,75671262,120000000,38000000
Bewitched,4.80,26834,63313159,131413159,80000000
Lost In Space,4.80,31611,69117629,136117629,80000000
Star Trek: The Motion Picture,6.20,25454,82258456,139000000,35000000
The Rugrats Movie,5.40,4857,100494685,140894685,28000000
Star Trek: First Contact,7.60,45106,92027888,150000000,46000000
Miami Vice,6.00,51921,63478838,163818556,135000000
The Saint,5.90,27413,61363304,169400000,90000000
Starsky & Hutch,6.20,48935,88200225,170200225,60000000
George Of The Jungle,5.30,19685,105263257,174463257,55000000
Scooby-Doo 2: Monsters Unleashed,4.80,10749,84185387,181185387,25000000
Wayne's World,6.90,42570,121697323,183097323,20000000
S.W.A.T.,5.90,43260,116877597,198100000,70000000
Traffic,7.80,85759,124107476,208300000,48000000
Wild Wild West,4.30,54183,113805681,222105681,175000000
Charlie's Angels: Full Throttle,4.70,43942,100814328,227200000,120000000
Mr. Bean's Holiday,6.00,28950,33302167,229736344,25000000
High School Western/Musical 3: Senior Year,3.70,18587,90556401,251056401,11000000
Borat,7.70,3612,128505958,261572744,18000000
Charlie's Angels,5.50,60791,125305545,263200000,90000000
Scooby-Doo,4.70,26018,153294164,276294164,84000000
Casper,5.70,26121,100328194,282300000,55000000
Sex and the City 2,3.90,13796,95347692,288347692,95000000
The Flintstones,4.60,26521,130531208,358500000,45000000
Alvin and the Chipmunks,5.50,19200,217326974,360578644,55000000
The Fugitive,7.80,96914,183875760,368900000,44000000
Star Trek,8.20,134187,257730019,385680447,140000000
Mission: Impossible III,6.90,74174,133501348,397501348,150000000
Sex and the City,5.40,46837,152647258,416047258,57500000
Mission: Impossible,6.90,86222,180981886,456481886,80000000
The Simpsons Movie,7.60,117656,183135014,527071022,72500000
Mission: Impossible 2,6.90,86222,215409889,546209889,120000000
Transformers,7.30,197131,319246193,708272592,151000000
Transformers: Revenge of the Fallen,6.00,95786,402111870,836303693,210000000
Hedwig and the Angry Inch,7.60,14766,3067312,3643900,6000000
Rent,6.90,22605,29077547,31670620,40000000
Evita,6.10,16769,50047179,151947179,55000000
Dreamgirls,6.60,28016,103365956,154965956,75000000
The Phantom of the Opera,7.20,42832,51225796,158225796,55000000
Grease,7.00,60146,305260,206005260,6000000
Chicago,7.20,82650,170687518,307687518,30000000
The Country Bears,3.80,2021,16988996,16988996,20000000
Pirates of the Caribbean: The Curse of the Black Pearl,8.00,232719,305411224,655011224,125000000
Pirates of the Caribbean: At World's End,7.00,133241,309420425,960996492,300000000
Pirates of the Caribbean: Dead Man's Chest,7.30,150446,423315812,1065659812,225000000
In Her Line of Fire,3.50,337,884,884,1000000
The Californians,5.10,226,4134,4134,500000
Say Uncle,5.70,431,5361,5361,2000000
London,7.70,181,12667,12667,2000000
Donkey Punch,5.40,4551,19367,19367,750000
The Dead Girl,6.80,7122,19875,19875,3300000
Leaves of Grass,6.90,4541,20987,20987,9000000
The Good Night,6.00,4332,22441,22441,15000000
Arnolds Park,5.10,77,23616,23616,600000
Good Dick,6.40,3004,28835,28835,200000
The Calling,3.40,1113,32092,32092,160000
The Chumscrubber,7.00,10449,49526,49526,6800000
Fong juk,7.30,3699,51957,51957,4500000
The Mudge Boy,7.10,1576,62544,62544,800000
Cavite,6.00,487,70071,71644,7000
Nomad,5.50,1224,79123,79123,40000000
Freeze Frame,6.30,1723,0,91062,2000000
Sommersturm,7.60,5251,95204,95204,3000000
Mutual Appreciation,7.00,1102,103509,103509,30000
Winter Passing,6.40,4360,107492,113783,3500000
The Grand,6.10,3346,115879,115879,3000000
Come Early Morning,6.20,1511,119452,119452,6000000
There Goes My Baby,6.30,507,125169,125169,10500000
Police Academy 7: Mission to Moscow,2.50,13121,126247,126247,10000000
The Wendell Baker Story,5.50,3535,127188,127188,8000000
Bubble,4.60,101,145382,145382,1600000
Lonesome Jim,6.70,4585,154187,154187,500000
The Business of Fancy Dancing,7.00,355,174682,174682,200000
Cama adentro,7.20,466,200433,200433,800000
Ira and Abby,6.30,855,221096,221096,3500000
Civil Brand,4.90,340,254293,254293,500000
The Lucky Ones,7.10,4719,266967,266967,14000000
Chairman of the Board,2.10,3164,306715,306715,7000000
City of Ghosts,5.90,2880,325491,325491,17500000
Feast,6.40,12023,56131,341808,3200000
Southland Tales,5.60,20172,275380,364607,17000000
The Quiet,6.50,7689,381420,381420,900000
The Square,6.80,1303,406216,406216,1900000
Fido,6.90,11683,298110,419801,8000000
Brooklyn Rules,6.40,2797,458232,458232,8000000
Things to Do in Denver when You're Dead,6.60,12789,529766,529766,15000000
Dream With The Fishes,6.60,1188,542909,542909,1000000
Manderlay,7.40,8986,74205,543306,14200000
Poolhall Junkies,6.80,5233,563711,563711,4000000
Primer,6.90,17454,424760,565846,7000
Sherrybaby,6.70,6372,199176,622806,2000000
Orgazmo,6.00,15592,582024,627287,1000000
The Brown Bunny,4.90,7465,366301,630427,10000000
Journey from the Fall,7.20,586,635305,635305,1300000
Heroes,6.10,505,655538,655538,400000
The Princess and the Cobbler,7.30,893,669276,669276,24000000
Dayereh,7.30,1851,673780,673780,10000
The Salton Sea,7.10,16415,676698,676698,18000000
Saint Ralph,7.50,3492,795126,795126,5200000
MirrorMask,7.00,10398,864959,864959,4000000
Venom,4.60,4220,881745,881745,25000000
Pandora's Box,4.60,386,881950,881950,800000
La otra conquista,6.10,584,886410,886410,3500000
Panic,2.70,473,779137,889279,1000000
The Brothers Solomon,5.20,6044,900926,900926,10000000
September Dawn,5.50,1823,901857,901857,10100000
Delgo,4.40,1177,915840,915840,40000000
Bacheha-Ye aseman,8.00,6657,925402,925402,180000
Imagine Me & You,6.70,9534,672243,972243,7900000
Twin Falls Idaho,7.10,2810,985341,1027228,500000
Undiscovered,3.70,1981,1069318,1069318,9000000
Dinner Rush,7.20,2991,638227,1075504,2000000
Blood and Wine,6.10,4761,1083350,1083350,26000000
Slam,3.40,165,1009819,1087521,1000000
The R.M.,5.50,449,1111615,1111615,500000
L.I.E.,7.20,5122,1138836,1138836,700000
Chuck&Buck,6.50,3455,1055671,1157672,250000
Trois,3.30,360,1161843,1161843,200000
Groove,5.80,2486,1115313,1167524,500000
Casa de Areia,7.50,1519,539285,1178175,3750000
Fiza,6.50,749,623791,1179462,1000000
Slow Burn,5.90,2318,1237615,1237615,15500000
Outlander,6.40,18299,166003,1250617,50000000
The Singles Ward,5.70,736,1250798,1250798,500000
Kansas City,6.00,2397,1353824,1353824,19000000
American Desi,6.70,1047,902835,1366235,250000
The Funeral,6.40,4084,1212799,1412799,12500000
Northfork,6.30,3776,1420578,1445140,1900000
Time Changer,5.00,1029,1500711,1500711,825000
Chocolate: Deep Dark Secrets,4.60,527,49000,1549000,1000000
The Blue Butterfly,6.20,817,1610194,1610194,10400000
Walking and Talking,6.50,1756,1287480,1615787,1000000
Gun Shy,5.40,3607,1638202,1638202,10000000
Marci X,2.40,3449,1646664,1646664,20000000
Festen,8.10,26607,1647780,1647780,1300000
Tango,6.90,1490,1687311,1687311,4500000
Ararat,6.60,6763,1693000,1693000,15500000
Hard Candy,7.20,45791,1024640,1881243,950000
Cecil B. Demented,5.90,7565,1276984,1953882,10000000
Osama,7.40,4737,1127331,1971479,500000
Shortbus,6.70,14276,1985292,1985292,2000000
Limbo,6.90,3855,2016687,2016687,8300000
The Broken Hearts Club: A Comedy,6.60,3731,1744858,2022442,1000000
"Happy, Texas",7.50,198,2039192,2039192,1700000
Ravenous,6.90,15804,2062406,2062406,12000000
Zero Effect,6.80,8489,2080693,2080693,5000000
Mallrats,7.10,52807,2108367,2108367,6100000
Shadow Conspiracy,4.70,2427,2154540,2154540,45000000
DysFunkTional Family,5.90,501,2255000,2255000,3000000
Teeth,5.50,18,347578,2300349,2000000
Hav Plenty,5.60,580,2301777,2301777,650000
Two Girls and a Guy,5.60,3722,2057193,2315026,1000000
Gabriela,5.50,1399,2335352,2335352,50000
Bamboozled,6.30,5958,2185266,2373937,10000000
Buffalo '66,7.30,17762,2380606,2380606,1500000
You Kill Me,6.70,9498,2426851,2426851,4000000
The Incredibly True Action/Adventure of Two Girls in Love,5.80,1795,2210408,2477155,250000
Unforgettable,5.70,2284,2483790,2483790,18000000
Quinceanera,7.10,2577,1692693,2522787,400000
Novocaine,5.80,6233,2025238,2522928,6000000
Trust the Man,5.80,5262,1530535,2548378,9000000
But I'm a Cheerleader,6.10,10073,2205627,2595216,1200000
The Wackness,7.10,13257,2077046,2635650,6000000
God's Army,6.80,638,2637726,2652515,300000
Junebug,7.10,11457,2678010,2678010,1000000
No Man's Land,8.00,19600,1067481,2684207,1000000
Love Stinks,5.30,3228,2793776,2793776,4000000
Raising Victor Vargas,7.10,3719,2073984,2811439,800000
The White Countess,6.50,2855,1669971,2814566,16000000
eXistenZ,6.80,35788,2840417,2840417,20700000
Letters to God,4.40,839,2848587,2848587,3000000
Cradle Will Rock,6.70,6127,2899970,2899970,32000000
Waiting for Guffman,7.40,14880,2922988,2922988,4000000
Songcatcher,6.90,1997,3050934,3050934,1800000
Sunshine State,6.80,2769,3064356,3064356,5600000
Clerks,7.90,89991,3073428,3073428,27000
Jawbreaker,4.80,9329,3076820,3076820,3000000
Beautiful,4.40,2238,3134509,3134509,9000000
Tadpole,6.10,3800,2891288,3200241,150000
Romance and Cigarettes,6.20,5362,551002,3231251,11000000
Supercross,2.90,2514,3102550,3252550,30000000
Romeo Is Bleeding,6.30,6537,3275585,3275585,10000000
Pieces of April,7.20,12153,2528664,3284124,300000
Pootie Tang,4.50,6183,3293258,3293258,3500000
The Company,6.20,3649,2281585,3396508,15000000
Full Frontal,4.80,6660,2512846,3438804,2000000
Camping Sauvage,6.00,378,3479302,3479302,4600000
Cats Don't Dance,6.90,1663,3588602,3588602,32000000
The Lost City,6.60,5790,2484186,3650302,9600000
Thirteen Conversations About One Thing,7.10,6188,3287435,3705923,3000000
Better Luck Tomorrow,7.10,5959,3802390,3809226,250000
L'auberge espagnole,7.30,15696,3895664,3895664,5900000
Brick,7.50,37204,2075743,3918941,450000
8 Heads in a Duffel Bag,4.80,5127,3602884,4002884,3000000
Idle Hands,5.80,16157,4023741,4023741,15000000
King's Ransom,3.50,2251,4008527,4049527,25000000
Donnie Darko,8.30,210713,1270522,4116307,4500000
Whipped,4.20,2973,4142507,4142507,3000000
Detroit Rock City,6.40,15092,4217115,4217115,16000000
Men with Brooms,5.80,2559,4239767,4239767,7500000
Glitter,2.00,13778,4273372,4273372,8500000
Soul Survivors,3.60,5116,3100650,4288246,14000000
Four Rooms,6.40,34328,4301000,4301000,4000000
PCU,6.00,6967,4333569,4333569,9000000
Meet the Deedles,3.40,1379,4356126,4356126,24000000
On the Line,3.40,2617,4356743,4356743,10000000
Bogus,4.80,2742,4357406,4357406,32000000
Simply Irresistible,4.80,6927,4398989,4398989,6000000
Flawless,6.70,8125,4485485,4485485,27000000
Mumford,6.70,6303,4559569,4559569,28700000
Pi,7.50,53699,3221152,4678513,68000
Lovely and Amazing,6.80,3936,4210379,4695781,250000
Held Up,4.70,1840,4714090,4714090,8000000
Diary of the Dead,6.00,20792,952620,4726656,2750000
Welcome to the Dollhouse,7.30,13469,4198137,4726732,800000
Duets,5.70,5340,4734235,4734235,16000000
A Walk on the Moon,6.40,4125,4741987,4741987,14000000
Igby Goes Down,7.00,19050,4777465,4777465,9000000
Slackers,4.90,7934,4814244,4814244,11000000
"Paris, je t'aime",6.60,175,4857374,4857374,13000000
Girl 6,4.90,3348,4880941,4880941,12000000
Hamlet 2,6.40,9017,4886216,4898285,9000000
Bubble Boy,5.40,11073,5002310,5002310,13000000
Exotica,7.10,8402,5046118,5046118,1500000
High Tension,5.40,165,3681066,5208449,2850000
The In Crowd,4.20,2720,5217498,5217498,15000000
Black and White,6.60,452,5241315,5241315,10000000
Love Letters,7.30,477,5269990,5269990,550000
Before Sunrise,8.00,39705,5274005,5274005,2500000
Frozen River,7.20,10447,2503902,5281776,1000000
C'era una volta il West,8.80,74184,5321508,5321508,5000000
Equilibrium,7.70,86428,1190018,5345869,20000000
Me and You and Everyone We Know,7.40,17135,3885134,5409058,2000000
Made,6.30,9720,5308707,5476060,5000000
Say It Isn't So,4.60,7736,5516708,5516708,25000000
For Your Consideration,6.20,7780,5549923,5549923,12000000
College,4.30,6496,4694491,5629618,6000000
Underclassman,3.30,3249,5654777,5654777,25000000
The Pallbearer,4.70,4166,5656388,5656388,8000000
Kundun,7.00,10248,5686694,5686694,28000000
Happiness,6.50,64,2746453,5746453,3000000
Light It Up,5.40,2257,5871603,5871603,13000000
Harsh Times,7.00,26347,3337931,5963961,2000000
Foolish,3.80,353,6026908,6026908,1600000
Deuces Wild,5.30,4010,6044618,6044618,10000000
Celebrity,6.10,10978,5078660,6200000,12000000
Dick,6.10,10451,6276869,6276869,13000000
What Planet Are You From?,5.40,5304,6291602,6291602,50000000
Bound,7.40,23564,3802260,6300000,4500000
Thirteen,7.00,31482,4601043,6302406,2000000
Warriors of Virtue,4.00,1202,6448817,6448817,35000000
Switchback,6.10,5141,6504442,6504442,38000000
Lucky You,5.90,9870,5755286,6521829,55000000
Swingers,6.20,431,4505922,6542637,200000
Lost and Found,4.80,118,6552255,6552255,14000000
Femme Fatale,6.30,16693,6592103,6592103,35000000
American History X,8.60,224857,6719864,6719864,10000000
The Forsaken,5.10,4679,6755271,6755271,5000000
Moonlight Mile,6.70,8346,6830957,6830957,21000000
Namastey London,6.70,1511,1207007,6831069,8400000
200 Cigarettes,5.40,8645,6852450,6852450,6000000
IndigËnes,7.20,5775,320700,6877936,18900000
Moon,8.00,55251,5010163,6934829,5000000
Sexy Beast,7.10,20916,6946056,6946056,4300000
Screwed,5.10,4411,6982680,6982680,12000000
Crossover,1.70,7466,7009668,7009668,5600000
An American Carol,4.50,6000,7013191,7013191,20000000
Veer-Zaara,7.30,4155,2938532,7017859,7000000
The Action/Adventures of Pluto Nash,3.70,9207,4411102,7094995,100000000
Gigli,2.40,29031,6087542,7266209,54000000
Phat Girlz,2.20,6343,7061128,7271305,3000000
The Jerky Boys,3.90,1481,7555256,7555256,4000000
Ong-Bak 2,4.70,887,102458,7583050,15000000
The Station Agent,7.80,22274,5801558,7773824,500000
Serial Mom,6.40,10999,7881335,7881335,13000000
The Alamo,5.90,10063,7900000,7900000,12000000
Connie & Carla,6.00,4359,8047525,8047525,20000000
Woo,3.40,982,8064972,8064972,13000000
Firestorm,4.40,2118,8123860,8123860,19000000
Birthday Girl,6.00,13366,4919896,8130727,13000000
Code Name: The Cleaner,4.00,5277,8135024,8135024,20000000
A Simple Wish,4.90,1545,8165213,8165213,28000000
White Noise 2: The Light,5.90,5647,0,8243567,10000000
Shadow of the Vampire,6.80,18221,8279017,8279017,8000000
Running Scared,7.50,39447,6855137,8345277,17000000
Bon Voyage,6.50,622,2353728,8361736,20000000
Death to Smoochy,6.20,22379,8355815,8374062,50000000
Bones,3.90,3524,7316658,8378853,10000000
Play it to the Bone,5.10,6039,8427204,8427204,24000000
Les invasions barbares,7.80,14322,8460000,8460000,5000000
De battre mon coeur s'est arrÍtÈ,7.30,7295,1023424,8589831,5500000
Suspect Zero,5.80,9804,8712564,8712564,27000000
The Rocker,6.30,11859,6409528,8767338,15000000
The Inkwell,5.70,542,8864699,8864699,8000000
"Mystery, Alaska",5.50,1338,8891623,8891623,28000000
Trippin',4.60,673,9017070,9017070,3000000
Super Babies: Baby Geniuses 2,1.40,10886,9109322,9109322,20000000
Bella,7.30,6562,8093373,9220041,3300000
Stone Cold,4.60,52,9286314,9286314,25000000
Black Snake Moan,7.10,28145,9396870,9396870,15000000
Sleepover,4.60,4774,9408183,9408183,10000000
Ta Ra Rum Pum,5.10,1051,872643,9443864,7400000
Jade,4.80,5279,9812870,9812870,50000000
3 Strikes,2.90,905,9821335,9821335,4000000
Maria Full of Grace,7.60,16134,6529624,9892434,3200000
Brazil,8.00,76635,9929135,9929135,15000000
Lucky Numbers,4.90,5461,10014234,10014234,65000000
Cutthroat Island,5.30,10346,10017322,10017322,92000000
Le Violon rouge,7.70,14545,10019109,10019109,10000000
Dirty Work,4.80,207,10020081,10020081,13000000
Duplex,5.70,19238,9652000,10070651,40000000
The Wash,3.60,3095,10097096,10097096,4000000
Saved!,7.00,22784,8886160,10102511,5000000
Away We Go,7.30,14929,9451946,10108016,21000000
Alpha and Omega 3D,6.20,83,10115431,10115431,20000000
Bats,3.30,5565,10155691,10155691,6500000
Facing the Giants,6.00,4901,10178331,10178331,100000
Woman on Top,4.90,4743,5018450,10192613,8000000
I Got the Hook-Up!,3.30,985,10317779,10317779,3500000
Knock Off,4.10,5852,10319915,10319915,35000000
Town & Country,4.40,2889,6712451,10364769,105000000
The Man,5.40,9356,8330720,10393696,20000000
Head Over Heels,4.80,6574,10397365,10397365,14000000
First Daughter,4.70,6839,9055010,10419084,30000000
The Brothers McMullen,6.40,4365,10426506,10426506,25000
The Cooler,7.00,19072,8291572,10464788,4000000
Narc,7.30,19248,10465659,10465659,7500000
Bandidas,5.60,12103,0,10496317,35000000
Home Fries,4.70,4806,10513979,10513979,15000000
Lars and the Real Girl,7.50,32423,5956480,10553442,12500000
Mad City,6.10,9611,10561038,10561038,50000000
Three to Tango,5.80,11148,10570375,10570375,20000000
Drop Dead Gorgeous,6.20,16344,10571408,10571408,10000000
The Astronaut's Wife,4.90,20259,10672566,10672566,34000000
Deconstructing Harry,7.20,16820,10686841,10686841,20000000
Universal Soldier II: The Return,3.40,10233,10447421,10717421,40000000
Here on Earth,4.60,4929,10494147,10845127,15000000
Extract,6.40,12371,10823158,10849158,7500000
Antitrust,6.00,16263,10965209,10965209,30000000
The Astronaut Farmer,6.40,10506,11003643,11003643,13000000
You Can Count on Me,7.70,14261,9180275,11005992,1200000
Deep Rising,5.70,12484,11203026,11203026,45000000
Banlieue 13,7.10,21427,1200216,11208291,15000000
Chill Factor,4.90,5374,11263966,11263966,34000000
Before Sunset,8.00,45535,5792822,11293790,2000000
Beyond Borders,6.20,9575,4426297,11427090,60000000
Turbulence,4.50,5147,11532774,11532774,55000000
The Cookout,3.20,1659,11540112,11540112,16000000
Two Lovers,7.30,10325,3149034,11549034,12000000
The Order,4.90,9119,7659747,11559747,35000000
Get Over It,5.50,9350,11560259,11560259,10000000
The Muse,5.50,6507,11614954,11614954,15000000
3 Ninjas Kick Back,3.20,3107,11744960,11744960,20000000
End of the Spear,6.70,2884,11748661,11748661,10000000
Tales from the Hood,5.80,1860,11784569,11784569,6000000
Mulholland Drive,7.90,103026,7219578,11919578,15000000
Dark Blue,6.60,10881,9237470,11933396,15000000
Holy Man,4.70,9105,12069719,12069719,60000000
Confidence,6.80,17111,12212417,12212417,15000000
Abandon,4.80,5361,10719367,12219367,25000000
Chasing Liberty,5.80,7855,12189514,12291975,23000000
Undisputed,5.80,6837,12398628,12398628,20000000
Knockaround Guys,6.00,11019,11660180,12419700,15000000
Breakin' All the Rules,5.30,2643,12232382,12512317,9000000
Sorority Boys,5.10,7392,10198766,12516222,12000000
Gattaca,7.80,70906,12532777,12532777,36000000
Love Jones,6.70,1165,12554569,12554569,10000000
Extreme Ops,4.10,3195,4835968,12624471,40000000
Idlewild,5.80,3056,12669914,12669914,15000000
"Bon Cop, Bad Cop",6.90,151,12671300,12671300,8000000
The Omega Code,3.30,3814,12610552,12678312,7200000
Highlander: Endgame,4.30,8421,12801190,12801190,15000000
Slither,6.60,26101,7802450,12834936,15250000
They,4.60,6550,12840842,12840842,17000000
Highlander,7.20,40802,5900000,12900000,16000000
Living Out Loud,6.50,3040,12905901,12905901,12000000
Lone Star,7.60,14599,12961389,12961389,5000000
The Crew,6.00,1307,13019253,13019253,23000000
Crooklyn,6.50,3137,13024170,13024170,14000000
The Way of the Gun,6.50,17513,6047856,13061935,9000000
Anything Else,6.40,13010,3203044,13203044,18000000
FearDotCom,3.10,11438,13208023,13208023,40000000
American Outlaws,5.60,7396,13264986,13264986,35000000
Rachel Getting Married,6.90,20451,12796277,13326280,12000000
Secrets & Lies,7.90,14364,13417292,13417292,4500000
Tomcats,4.90,9505,13558739,13558739,11000000
Osmosis Jones,6.00,10959,13596911,13596911,70000000
The Ladies Man,4.70,6556,13592872,13719474,11000000
Highlander III: The Sorcerer,3.80,7763,13738574,13738574,26000000
Juwanna Man,4.10,3062,13571817,13771817,15600000
She's the One,6.00,8159,9482579,13795053,3500000
Monsoon Wedding,7.20,11314,13876974,13876974,1200000
Dirty Pretty Things,7.50,18554,8112414,13904766,10000000
Out Cold,5.80,7153,13906394,13906394,11000000
Stealing Harvard,4.70,6899,13973532,13973532,25000000
In Too Deep,5.50,2529,14026509,14026509,7000000
In the Land of Women,6.70,13550,11052958,14140402,10500000
Supernova,6.80,127,14218868,14218868,60000000
Freddy Got Fingered,4.00,25033,14249005,14249005,15000000
Sukkar banat,7.00,3799,1060591,14253760,1600000
Ballistic: Ecks vs. Sever,3.40,11112,14294842,14294842,70000000
Turistas,6.90,83,7027762,14321070,10000000
Hot Rod,6.50,22250,13938332,14334401,25000000
Les Triplettes de Belleville,7.70,19761,7301288,14440113,2000000
Mrs. Henderson Presents,7.10,8831,11036366,14466366,20000000
Welcome to Mooseport,5.20,6907,14469428,14469428,26000000
Run Lola Run,6.00,91,7267324,14533173,1750000
Soul Plane,3.70,9143,13922211,14553807,16000000
Envy,4.60,15655,13548322,14566246,20000000
I Heart Huckabees,6.80,35878,12784713,14584713,22000000
Birth,6.30,25,5005899,14603001,20000000
Raise Your Voice,5.20,8634,10411980,14811980,15000000
Hollywood Ending,6.30,10486,4839383,14839383,16000000
Eve's Bayou,7.00,4509,14843425,14843425,5000000
Flirting with Disaster,6.70,8474,14853474,14853474,7000000
Boat Trip,4.70,13258,8586376,14933713,15000000
Twilight,6.10,4840,15055091,15055091,20000000
Dead Man on Campus,5.60,7109,15064948,15064948,14000000
Transamerica,7.60,19343,9015303,15151744,1000000
Chasing Amy,7.50,63591,12006514,15155095,250000
The Corruptor,5.80,9008,15164492,15164492,10000000
Friends with Money,6.10,11087,13368437,15328368,6500000
Alex & Emma,5.40,6539,14208384,15358583,30000000
See No Evil,5.00,10035,15032800,15387513,8000000
Drowning Mona,5.30,7606,15427192,15427192,16000000
The Jacket,7.10,35932,6301131,15452978,28500000
The Fountain,7.40,72562,10144010,15461638,35000000
The Weather Man,6.90,35394,12482775,15466961,20000000
Bait,5.60,5143,15325127,15471969,35000000
My Boss's Daughter,4.30,10919,15549702,15549702,14000000
Cry Wolf,6.40,372,10047674,15585495,1000000
Ulee's Gold,7.00,4041,9054736,15600000,2700000
Larry the Cable Guy: Health Inspector,2.80,7547,15680099,15680099,17000000
The Good Girl,6.60,21460,14018296,15976468,8000000
Kung Pow: Enter the Fist,5.70,19348,16033556,16033556,10000000
Imagine That,5.40,3092,16123323,16123323,55000000
The Visitor,6.80,318,9427026,16194905,4000000
American Dreamz,5.70,15097,7314027,16510971,17000000
Mindhunters,6.20,23357,4476235,16566235,27000000
Baby's Day Out,5.00,8332,16581575,16581575,50000000
Paparazzi,5.70,9058,15712072,16612072,20000000
54,5.60,15023,16757163,16757163,13000000
"House of 1,000 Corpses",5.50,3311,12634962,16829545,7000000
Godsend,4.70,13866,14334645,16910708,30000000
Win a Date with Tad Hamilton!,5.70,10366,16980098,16980098,24000000
Central do Brasil,8.00,17343,5969553,17006158,2900000
Pandorum,6.90,29428,10330853,17033431,40000000
CachÈ,5.50,26,3647381,17147381,8000000
Center Stage,6.20,7968,17200925,17200925,18000000
Eight Legged Freaks,5.40,18173,17266505,17266505,30000000
The Matador,6.90,25035,12578537,17290120,10000000
Max Keeble's Big Move,5.10,2490,17292381,17292381,12000000
My Baby's Daddy,4.00,2010,17321573,17322212,12000000
Half Baked,6.30,18791,17394881,17394881,8000000
Frailty,7.30,27629,13110448,17423030,11000000
A Guy Thing,5.50,8147,15543862,17430594,20000000
Rebound,4.70,4485,16809014,17492014,45000000
Roll Bounce,5.00,3167,17380866,17500866,10000000
Disturbing Behavior,5.20,9394,17507368,17507368,15000000
The Contender,6.90,13709,17804273,17804273,9000000
12 Rounds,5.40,8914,12234694,18184083,20000000
Daddy Day Camp,2.40,6809,13235267,18197398,76000000
Harold & Kumar Go to White Castle,7.20,56030,18225165,18225165,9000000
Loser,5.00,12877,15464026,18250106,20000000
Eye of the Beholder,4.60,9992,16500786,18260865,15000000
Sugar Hill,5.30,1627,18272447,18272447,10000000
Empire,6.50,63,17504595,18495444,3500000
The Curse of the Jade Scorpion,6.70,15897,7496522,18496522,26000000
An Unfinished Life,7.10,11770,8535575,18535575,30000000
The Quick and the Dead,6.30,27352,18552460,18552460,32000000
A Mighty Wind,7.20,13602,17583468,18552708,6000000
The Girl Next Door,7.00,5614,14589444,18589444,25000000
3000 Miles to Graceland,5.60,20094,15738632,18708848,62000000
Akeelah and the Bee,7.60,8245,18848430,18948425,8000000
Once,8.00,34348,9445857,18997174,150000
The Replacement Killers,5.90,13905,19035741,19035741,30000000
Rushmore,7.80,53192,17105219,19080435,10000000
2046,7.50,19431,1442338,19202856,12000000
Half Past Dead,4.10,6909,15567860,19233280,25000000
Rock Star,5.80,15806,16991902,19317765,38000000
Saving Silverman,5.60,18748,19351569,19351569,22000000
The Perfect Man,5.10,7278,16535005,19535005,10000000
Vampire in Brooklyn,4.30,8200,19637147,19637147,14000000
Summer Catch,4.60,6848,19693891,19693891,17000000
Hard Rain,5.60,14375,19870567,19870567,70000000
Fled,4.90,4215,17192205,19892205,30000000
crazy/beautiful,6.30,12102,16929123,19929123,13000000
Down to You,4.40,7095,20035310,20035310,9000000
Reign Over Me,7.70,39234,19661987,20081987,20000000
Serving Sara,5.00,7973,16930185,20146150,29000000
Showgirls,4.10,27004,20254932,20254932,40000000
City Hall,6.10,9908,20278055,20278055,40000000
Kids,6.70,26122,7412216,20412216,1500000
Rendition,6.90,23223,9736045,20437142,27500000
The Last Castle,6.50,21621,18208078,20541668,60000000
The Kids Are All Right,7.80,3093,20553799,20553799,4000000
Walk Hard: The Dewey Cox Story,6.70,28032,18317151,20575121,35000000
A Perfect Getaway,6.50,16324,15515460,20613298,14000000
Best in Show,7.40,24484,18621249,20695413,6000000
Eurotrip,6.50,52548,17718223,20718223,25000000
Ultraviolet,4.00,28547,18522064,20722064,30000000
Boys Don't Cry,7.60,34435,11540607,20741000,2000000
Georgia Rule,5.80,10902,18882880,20819601,20000000
Amores Perros,8.10,61083,5383834,20883834,2000000
The Devil's Rejects,6.90,36082,17044981,20940428,7000000
Tales from the Crypt: Demon Knight,6.40,6430,21089146,21089146,12000000
ATL,4.70,5480,21170563,21170563,17000000
The Apostle,7.10,7757,20733485,21277770,5000000
He Got Game,6.80,14494,21567853,21567853,25000000
Doomsday,6.00,34035,11008770,21621188,33000000
Furry Vengeance,2.60,3458,17630465,21630465,35000000
Little Black Book,5.20,7625,20422207,21758371,30000000
Boys and Girls,4.90,7779,21799652,21799652,16000000
Mr. 3000,5.60,6202,21800302,21827296,30000000
Unaccompanied Minors,3.70,4133,16655224,21949214,25000000
Joy Ride,5.40,118,21973182,21973182,23000000
Don Juan DeMarco,6.60,20386,22032635,22032635,25000000
Man of the House,4.20,3432,19699706,22099706,50000000
The Medallion,4.70,10121,22108977,22108977,41000000
The Marine,4.50,13157,18844784,22165608,15000000
Waitress,7.20,20384,19097550,22202180,1500000
My Fellow Americans,6.30,6366,22331846,22331846,21500000
At First Sight,5.60,6872,22365133,22365133,40000000
Two Can Play That Game,5.60,2370,22235901,22391450,13000000
Swimming Pool,6.80,19992,10130108,22441323,7800000
The Glass House,5.60,10629,17951431,22861785,22000000
Rounders,7.30,45439,22921898,22921898,12000000
Super Troopers,6.80,29514,18492362,23046142,3000000
The Players Club,4.80,2072,23047939,23047939,5000000
Stay Alive,4.50,13658,23086480,23187506,20000000
The Usual Suspects,8.70,266890,23341568,23341568,6000000
Reindeer Games,5.50,16822,23360779,23360779,36000000
Hustle & Flow,7.50,18688,22202809,23563727,2800000
Dickie Roberts: Former Child Star,5.50,6949,22734486,23734486,17000000
The Guru,5.50,9239,3051221,23788368,11000000
Life as a House,7.50,19308,15652637,23889158,18000000
Corky Romano,4.20,6739,23978402,23978402,11000000
Virtuosity,5.30,11079,23998226,23998226,30000000
Angel Eyes,5.50,11089,24044532,24044532,38000000
Renaissance Man,5.90,7650,24172899,24172899,40000000
Saving Grace,6.80,8543,12178602,24325623,4000000
The Next Best Thing,4.40,6104,14983572,24355762,25000000
Arlington Road,7.20,36051,24419219,24419219,21500000
Joe Somebody,5.30,5313,22770864,24515990,38000000
Punch-Drunk Love,7.40,49786,17791031,24591031,25000000
Seed of Chucky,5.10,9897,17016190,24716190,29000000
The Wood,6.10,3224,25059640,25059640,6000000
Cursed,4.80,14425,19294901,25114901,35000000
Can't Hardly Wait,6.20,19470,25358996,25358996,10000000
Escape from L.A.,5.30,23262,25426861,25426861,50000000
Desperado,7.00,51515,25532388,25532388,7000000
From Dusk Till Dawn,7.10,80234,25728961,25728961,20000000
Ice Princess,6.00,7106,24381334,25732334,25000000
All About the Benjamins,5.30,4366,25482931,25873145,14000000
Clerks II,7.70,56668,24148068,25894473,5000000
The New World,6.90,33248,12712093,26184400,30000000
Dumb and Dumberer: When Harry Met Lloyd,3.30,14813,26214846,26214846,30000000
The Whole Ten Yards,5.10,20807,16323969,26323969,30000000
Igor,6.00,6614,19528188,26608350,30000000
Ghost Town,4.70,310,13252641,26612350,20000000
Blast from the Past,6.40,23243,26613620,26613620,35000000
Event Horizon,6.30,44671,26673242,26673242,60000000
Spy Hard,4.70,12682,26936265,26936265,18000000
The Big Hit,5.80,14157,27066941,27066941,13000000
The Story of Us,5.60,10720,27100030,27100030,50000000
The Cave,4.80,13025,15007991,27147991,30000000
Baby Geniuses,2.20,9038,27151490,27151490,13000000
Dark City,7.80,62991,14435076,27257061,27000000
The Upside of Anger,7.00,12317,18761993,27361993,12000000
Air Bud,4.60,4698,24646936,27555061,3000000
Goal!,6.90,16809,4283255,27610873,33000000
Traitor,7.10,22468,23530831,27664173,22000000
Love and Basketball,6.70,5835,27441122,27709625,15000000
Menace II Society,7.40,14807,27731527,27731527,3500000
Nurse Betty,6.40,20354,25170054,27732366,24000000
Friday,7.00,21623,27467564,27936778,3500000
The Brothers,2.80,153,27457409,27958191,6000000
Loaded Weapon 1,5.70,17637,27979399,27979399,13000000
Grosse Point Blank,7.40,41523,28084357,28084357,15000000
Brown Sugar,6.00,2745,27362712,28315272,8000000
Heist,3.20,77,23483357,28483168,35000000
Be Kind Rewind,6.60,42470,11175164,28505302,20000000
Swimfan,4.60,9577,28563926,28563926,10000000
Wrong Turn,5.80,119,15417771,28649556,10000000
Agent Cody Banks 2: Destination London,4.10,4063,23514247,28703083,26000000
Baby Boy,6.10,4485,28734552,28734552,16000000
Boiler Room,6.90,22979,16963963,28773637,9000000
The Life of David Gale,7.30,37628,19694635,28920188,50000000
The New Guy,5.40,14268,28972187,28972187,13000000
Far From Heaven,7.50,20239,15901849,29027914,13500000
Rang De Basanti,8.10,12116,2197694,29197694,5300000
Bulworth,6.80,15486,26528684,29203383,30000000
A Low Down Dirty Shame,5.40,1847,29317886,29317886,10000000
The Prince & Me,5.60,9547,28165882,29356757,30000000
Across the Universe,7.50,45611,24343673,29367143,45000000
Shaun of the Dead,8.00,134693,13542874,29629128,5000000
Small Time Crooks,6.50,15636,17266359,29934477,18000000
Laws of AttrAction/Adventure,5.70,9266,17848322,29948322,32000000
Night of the Living Dead,6.60,10083,12000000,30000000,114000
Dragonfly,5.80,14098,30063805,30063805,60000000
Jane Austen's Mafia,5.00,7706,19843795,30143795,10000000
The Art of War,5.50,12484,30199105,30199105,40000000
Love Happens,5.50,6111,22965110,30206355,18000000
Stick It,5.90,9556,26910736,30399714,20000000
Cabin Fever,5.40,28417,21158188,30553394,1500000
A Serious Man,7.20,32396,9228788,30710147,7000000
Awake,6.50,26076,14373825,30757745,8600000
In Bruges,8.10,97876,7800825,30782621,15000000
Joe Dirt,5.40,18666,27087695,30987695,16000000
How High,5.50,14470,31155435,31260435,12000000
Lost Souls,4.50,6639,16779636,31320293,28000000
Johnson Family Vacation,3.80,3278,31203964,31462753,12000000
Lage Raho Munnabhai,7.80,5236,2217561,31517561,2700000
Mr. Nice Guy,5.20,174,12716953,31716953,6000000
That Thing You Do!,6.70,25916,25857416,31748615,2500000
Lake Placid,5.30,19382,31770413,31770413,27000000
Sunshine,7.30,74535,3688560,32030610,40000000
Copycat,6.50,17182,32051917,32051917,20000000
Dance Flick,3.40,5002,25662155,32092761,25000000
Kingpin,6.70,28404,25023424,32223424,25000000
Garden State,7.90,92594,26782316,32381151,2500000
Being John Malkovich,7.90,113568,22858926,32382381,13000000
Krrish,6.10,2735,1430721,32430721,10000000
Darkness Falls,4.60,12771,32539681,32539681,7000000
Kabhi Alvida Naa Kehna,5.60,4128,3275443,32575443,10750000
Return to Me,6.60,9565,32662299,32662299,24000000
The Invention of Lying,6.50,24578,18451251,32679264,18500000
Jennifer's Body,5.30,24265,16204793,32832166,16000000
Agora,7.30,10054,599903,32912303,70000000
88 Minutes,5.90,31205,16930884,32955399,30000000
Dracula 2000,4.80,14077,33000377,33000377,28000000
Black Knight,4.30,12747,33422806,33422806,35000000
The Long Kiss Goodnight,6.60,28257,33447612,33447612,65000000
Fireproof,5.60,5498,33451479,33451479,500000
Red Planet,5.30,20989,17480890,33463969,80000000
Friday After Next,5.30,6742,33253609,33526835,10000000
Hostel: Part II,5.40,31511,17544812,33606409,7500000
Crank,7.10,71094,27838408,33824696,12000000
Hotel Rwanda,8.30,92106,23519128,33919128,17500000
Instinct,6.20,15388,34105207,34105207,55000000
Darkness,5.30,9979,22163442,34409206,10600000
The Best Man,6.10,2019,34102780,34572780,9000000
Everyone Says I Love You,6.80,16481,9725847,34600000,20000000
Jack Frost,4.60,6932,34645374,34645374,50000000
Disaster Movie,1.70,34928,14190901,34690901,20000000
Death at a Funeral,5.10,6628,8580428,34743644,20000000
My Best Friend's Girl,5.80,14617,19219250,34787111,20000000
The Life Aquatic with Steve Zissou,7.20,57889,24006726,34806726,50000000
Freddy's Dead: The Final Nightmare,4.50,12779,34872033,34872033,5000000
The Skulls,5.30,14903,35007180,35007180,15000000
EDtv,6.00,21734,22508689,35319689,60000000
Basic Instinct 2,3.90,16784,5946136,35417162,70000000
My Dog Skip,6.90,9029,34099640,35512760,7000000
Jeepers Creepers II,5.30,15975,35623801,35623801,25000000
Wu ji,5.60,5733,669625,35869934,30000000
Set It Off,6.30,4570,36049108,36049108,9000000
Quarantine,6.10,21939,31691811,36091811,12000000
The Glimmer Man,4.90,7230,20404841,36404841,45000000
Titan A.E.,6.40,22286,22751979,36751979,75000000
Kiss of the Dragon,6.30,22087,36833473,36833473,25000000
Zack and Miri Make a Porno,7.00,55687,31452765,36851125,24000000
Jersey Girl,6.20,27370,25266129,37066129,35000000
The Majestic,6.80,24809,27796042,37306334,72000000
The Boat That Rocked,7.50,25415,8017467,37472651,50000000
The Banger Sisters,5.50,7435,30306281,38067218,10000000
Ri¢hie Ri¢h,4.70,12687,38087756,38087756,40000000
Employee of the Month,5.40,17845,28444855,38117718,10000000
Undercover Brother,5.70,14237,38230435,38230435,25000000
Head of State,5.10,8447,37788228,38283765,35200000
Just My Luck,5.00,13368,17326650,38326650,28000000
After the Sunset,6.20,19793,28328132,38329114,57000000
Happily N'Ever After,3.90,4678,15849032,38344430,47000000
What's the Worst That Could Happen?,5.00,6727,32267774,38462071,30000000
Urban Legends: Final Cut,3.70,7609,21468807,38574362,15000000
On Deadly Ground,3.80,9579,38590458,38590458,50000000
Happy Gilmore,6.90,54111,38623460,38623460,10000000
Clockstoppers,5.00,6392,36985501,38788828,26000000
Scoop,6.80,30336,10525717,39125717,4000000
Enough,6.50,92,39177215,39177215,38000000
Never Back Down,6.20,21708,24850922,39319801,21000000
Crocodile Dundee in Los Angeles,4.60,7082,25590119,39393111,25000000
Two Brothers,6.00,127,18947630,39925603,72000000
Fly Me To the Moon,4.70,1653,14543943,40098231,25000000
Twisted,4.80,83,25195050,40119848,50000000
I Am Sam,7.40,36448,40270895,40270895,22000000
The Faculty,6.30,36139,40283321,40283321,15000000
La mala educaciÛn,7.50,21756,5211842,40311842,5000000
The Master of Disguise,3.00,10050,40363530,40363530,16000000
War,6.20,28771,22466994,40666994,25000000
Leatherheads,6.10,14504,31373938,40830862,58000000
House on Haunted Hill,5.20,22795,40846082,40846082,19000000
Money Talks,5.70,8640,41076865,41076865,25000000
The Mirror Has Two Faces,6.00,6055,41267469,41267469,42000000
Gosford Park,7.30,36648,41300105,41300105,18000000
Ronin,7.20,57484,41610884,41610884,55000000
The Fourth Kind,6.00,16107,26218170,41826604,10000000
Wimbledon,6.30,21996,16862585,41862585,35000000
Into the Blue,5.70,22859,18782227,41982227,50000000
Defiance,5.90,362,28644813,42268745,50000000
Basic,6.30,25960,26599248,42598498,50000000
Tom yum goong,6.90,13929,12044087,43044087,5700000
See Spot Run,4.90,3673,33357476,43057552,16000000
Boogie Nights,7.90,70962,26410771,43111725,15000000
Harold & Kumar Escape from Guantanamo Bay,6.70,42358,38108728,43231984,12000000
The Wrestler,8.20,93301,26236603,43236603,6000000
Orange County,6.10,23742,41059716,43308707,18000000
Raising Helen,5.70,10526,37485528,43340302,50000000
Pride and Glory,6.70,24596,15740721,43440721,30000000
Soul Food,6.40,2636,43492389,43492389,7500000
Welcome Home Roscoe Jenkins,4.50,5700,42436517,43607627,27500000
The One,5.60,24416,43905746,43905746,49000000
The Transporter,6.60,51005,25296447,43928932,21000000
Dogma,7.30,100476,30651422,43948865,10000000
A Man Apart,5.70,14953,26500000,44114828,36000000
Lakeview Terrace,6.30,18547,39263506,44263506,20000000
Deuce Bigalow: European Gigolo,4.30,18228,22400154,44400154,22000000
Push,6.00,26623,31811527,44411527,38000000
The Hurt Locker,7.80,83679,14700000,44468574,15000000
The Gift,6.70,28488,12008642,44567606,10000000
The Sweetest Thing,4.70,23378,24430272,44633441,43000000
Meet Joe Black,6.90,56067,44650003,44650003,85000000
Monster's Ball,7.20,38023,31273922,44873922,4000000
Cop Out,5.70,16520,44875481,44875481,37000000
The Hunted,5.80,18941,34234008,45016494,55000000
Domestic Disturbance,5.30,10778,45207112,45207112,53000000
Stranger Than Fiction,7.80,74218,40435190,45235190,30000000
Cellular,6.50,32534,32003620,45261739,45000000
LÈon,8.60,199762,19284974,45284974,16000000
Keeping the Faith,6.50,25485,37036404,45336404,29000000
Dancer in the Dark,7.80,36542,4157491,45557491,12500000
Torque,3.50,12986,21176322,46176322,40000000
The Big Lebowski,8.20,177960,17498804,46189568,15000000
Get Rich or Die Tryin',4.00,18126,30981850,46437122,40000000
9,7.80,1488,31749894,46603791,30000000
Crazy Heart,7.40,17255,39462438,47163756,8500000
The Watcher,3.70,959,28946615,47267829,33000000
Almost Famous,8.00,94424,32522352,47371191,60000000
Book of Shadows: Blair Witch 2,4.00,16122,26421314,47721314,15000000
A Lot Like Love,6.40,17929,21835784,47835784,25000000
Secondhand Lions,7.50,19040,42023715,47855342,30000000
You Got Served,2.60,17830,40066497,48066497,8000000
G.I.Jane,5.50,23807,48169156,48169156,50000000
The Game,7.70,74136,48265581,48265581,50000000
Magnolia,8.00,121540,22450975,48446802,37000000
Daybreakers,6.60,28241,30101577,48969954,20000000
Danny the Dog,7.10,36119,24537621,49037621,43000000
The Negotiator,7.20,46511,44705766,49105766,50000000
Drillbit Taylor,5.90,19388,32862104,49686263,40000000
Sky Captain and the World of Tomorrow,6.30,40281,37760080,49730854,70000000
This Christmas,5.40,3351,49121934,49778552,13000000
The Women,7.90,5519,26902075,50042410,16000000
The Replacements,6.20,21542,44737059,50054511,50000000
Grindhouse,7.90,82770,25031037,50187789,53000000
Team America: World Police,7.30,58763,32774834,50274834,20000000
The Tuxedo,5.00,19370,50586000,50586000,60000000
Meet Dave,4.80,13381,11803254,50648806,60000000
Bride of Chucky,5.30,13735,32404188,50692188,25000000
Elizabethtown,6.40,31775,26850426,50719373,54000000
The Mighty Ducks,5.90,15479,50752337,50752337,10000000
Hollywood Homicide,5.20,16452,30207785,51107785,75000000
Maximum Risk,4.90,7064,14102929,51702929,25000000
Hanging Up,4.30,6098,36037909,51867723,40000000
Other Water,5.90,23667,30500882,52100882,500000
One Hour Photo,7.00,42134,31597131,52223306,12000000
Big Fat Liar,5.20,9877,47811275,52375275,15000000
Untraceable,6.10,21922,28687835,52649951,35000000
Pitch Black,7.00,55217,39235088,53182088,23000000
Bounce,5.50,10702,36779296,53399300,35000000
Mickey Blue Eyes,5.70,16646,33864342,53864342,40000000
The Abyss,7.60,51018,54243125,54243125,70000000
Varsity Blues,6.00,18066,52894169,54294169,16000000
Spanglish,6.70,30660,42044321,54344321,75000000
Driven,4.20,18795,32616869,54616869,72000000
We Own the Night,7.00,38163,28563179,54700285,28000000
Analyze That,5.60,24090,32122249,54994757,60000000
Jeepers Creepers,5.70,30610,37904175,55026845,10000000
Out of Time,4.90,151,41083108,55489826,50000000
Lucky Number Slevin,7.80,91145,22495466,55495466,27000000
Wild Things,6.60,40110,29795299,55576699,20000000
The Craft,5.90,21130,24769466,55669466,15000000
The Animal,4.60,18601,55762229,55762229,22000000
Kicking and Screaming,6.90,3841,52842724,55842724,45000000
Smokin' Aces,6.60,57313,35662731,56047261,17000000
A Knight's Tale,6.60,47609,56083966,56083966,41000000
Just Married,5.10,19508,56127162,56127162,19000000
15 Minutes,6.10,25566,24375436,56331864,42000000
Drumline,5.20,18165,56398162,56398162,20000000
Cradle 2 the Grave,5.40,14834,34657731,56434942,25000000
Murder by Numbers,5.90,22318,31874869,56643267,50000000
Crossroads,6.60,4894,37188667,57000000,12000000
The Descent,7.40,58176,26024456,57029609,7000000
Ninja Assassin,6.30,20078,38122883,57422883,50000000
Year One,5.00,23091,43337279,57604723,60000000
Heartbreakers,6.20,20962,40334024,57753825,38000000
Agent Cody Banks,5.10,9527,47545060,58240458,25000000
Little Nicky,5.00,35082,39442871,58270391,80000000
The Ninth Gate,6.60,50510,18653746,58394308,38000000
Jack,5.30,17267,58617334,58617334,45000000
The Imaginarium of Doctor Parnassus,7.10,33374,7689458,58692979,30000000
Behind Enemy Lines,6.10,32575,58855732,58855732,40000000
Good Luck Chuck,5.60,29013,35017297,59183821,25000000
Space Chimps,4.50,4324,30105968,59517784,37000000
Next Friday,5.30,10176,57176582,59675307,9500000
Bad Santa,7.30,45022,60060328,60063017,18000000
Chain ReAction/Adventure,5.20,15817,21226204,60209334,55000000
21 Grams,7.90,77910,16248701,60448701,20000000
Shanghai Knights,6.20,24893,60470220,60470220,50000000
Zoolander,6.40,69296,45172250,60780981,28000000
Saw VI,6.20,18091,27693292,61259697,11000000
The Cell,6.20,36961,61280963,61280963,35000000
Flatliners,6.40,23295,61308153,61308153,26000000
Valiant,5.60,7158,19478106,61746888,35000000
Mouse Hunt,6.10,14934,61894591,61894591,38000000
Snakes on a Plane,6.00,65841,34020814,62020814,33000000
28 Days,5.80,17937,37035515,62063972,43000000
Lord of War,7.70,80124,24149632,62142629,42000000
Honey,4.60,13026,30272254,62192232,18000000
The Reaping,5.60,19881,25126214,62226214,40000000
Not Another Teen Movie,5.50,36678,37882551,62401343,15000000
Like Mike,4.40,4870,51432423,62432423,30000000
Snow Day,4.40,4611,60008303,62452927,13000000
The Crying Game,7.30,21195,62546695,62546695,4000000
Lions for Lambs,6.20,22264,14998070,63211088,35000000
She's All That,5.40,28498,63465522,63465522,10000000
In Good Company,6.80,25695,45489752,63489752,26000000
Stuck On You,5.90,23196,33832741,63537164,55000000
Cop Land,6.90,35192,44906632,63706632,15000000
28 Weeks Later,7.10,69558,28638916,64238440,15000000
Legion,5.00,19962,40122938,64622938,26000000
The Benchwarmers,5.40,17824,59843754,64843754,35000000
Street Kings,7.00,40291,26415649,65589243,20000000
16 Blocks,6.70,41207,36895141,65595141,45000000
The Road to El Dorado,6.40,8876,50802661,65700000,95000000
Barbershop 2: Back in Business,5.50,4848,65070412,65842412,18000000
Changing Lanes,6.50,29222,66790248,66790248,45000000
Boogeyman,3.90,13901,46752382,67192859,20000000
Austin Powers: International Man of Mystery,7.10,74487,53883989,67683989,18000000
Outbreak,6.40,33192,67823573,67823573,50000000
Frequency,7.30,35968,44983704,68079671,31000000
Star Wars: The Clone Wars,5.40,17513,35161554,68161554,8500000
Ghost Ship,5.30,25891,30113491,68349884,20000000
Thirteen Ghosts,5.10,23243,41867960,68467960,19000000
Bad Company,5.30,17901,30157016,69157016,70000000
The Action/Adventures of Sharkboy and Lavagirl in 3-D,3.60,5619,39177684,69425966,50000000
The Kid,5.90,14927,69688384,69688384,65000000
The House Bunny,5.50,18964,48237389,70237389,25000000
Anacondas: The Hunt for the Blood Orchid,4.30,9565,31526393,70326393,25000000
License to Wed,5.10,15422,43799818,70799818,35000000
Shallow Hal,6.00,35878,70836296,70836296,40000000
Groundhog Day,8.20,134964,70906973,70906973,14600000
Kate and Leopold,6.20,23600,47095453,70937778,48000000
XXX: State of the Union,4.10,19527,26873932,71073932,60000000
Shanghai Noon,6.60,32446,56932305,71189835,55000000
The Royal Tenenbaums,7.60,82349,52353636,71430876,28000000
Bandits,6.50,30732,41523271,71523271,75000000
Small Soldiers,5.90,20571,55143823,71743823,40000000
Funny People,6.80,37791,51855045,71880305,70000000
Urban Legend,5.20,19113,38116707,72571864,14000000
Lady in the Water,5.80,47535,42285169,72785169,75000000
Life,5.30,99,64062587,73521587,75000000
The Core,5.30,27375,31111260,74132631,85000000
Das Leben der Anderen,8.50,75070,11284657,75284657,2000000
Serendipity,6.60,32014,50255310,75294136,28000000
Tin Cup,6.10,17274,53854588,75854588,45000000
Stomp the Yard,4.30,13737,61356221,76356221,14000000
Stealth,4.80,21664,32116746,76416746,138000000
Home on the Range,5.40,4772,50026353,76482461,110000000
Bend it Like Beckham,6.90,41052,32543449,76583333,5000000
The Number 23,6.20,59174,35193167,76593167,32000000
Coach Carter,7.10,23526,67264877,76669806,45000000
Righteous Kill,6.00,34641,40081410,76781410,60000000
Barbershop,6.20,11164,75781642,77081642,12000000
The Back-up Plan,4.40,6981,37490007,77090007,35000000
The Unborn,4.50,15331,42670410,77208315,16000000
Vicky Cristina Barcelona,7.40,51760,23213577,77213577,16000000
Money Train,5.20,13972,35324232,77224232,68000000
Windtalkers,5.80,26421,40914068,77628265,115000000
Collateral Damage,5.20,24358,40048332,78353508,85000000
Showtime,5.30,22128,37948765,78948765,85000000
Hot Fuzz,8.00,129779,23618786,79197493,16000000
"Goodbye, Lenin!",3.30,198,4063859,79316616,6400000
Finding Forrester,7.20,35966,51768623,80013623,43000000
Hostel,5.70,64642,47326473,80578934,4800000
The Strangers,6.00,35078,52597610,80597610,9000000
The Rookie,5.50,8453,75600072,80693537,22000000
The Rundown,6.60,30855,47641743,80831893,85000000
Hope Floats,5.30,9168,60110313,81529000,30000000
Sky High,6.60,20923,63939454,81627454,60000000
Reign of Fire,5.90,38414,43061982,82150183,60000000
28 Days Later...,7.60,103525,45064915,82719885,15000000
In & Out,6.10,18773,63826569,83226569,35000000
El Laberinto del Fauno,8.40,153762,37634615,83234615,16000000
Assassins,5.90,23370,30306268,83306268,50000000
Snatch,8.20,173919,30093107,83593107,10000000
Date Movie,2.60,31821,48548426,84548426,20000000
Meet the Spartans,2.40,47281,38233676,84646831,30000000
The Transporter 2,6.60,51005,43095856,85095856,32000000
The Whole Nine Yards,6.60,42928,57262492,85262492,24000000
Stripes,6.80,19618,85300000,85300000,10000000
Volver,4.40,288,12899867,85599867,9400000
Tears of the Sun,6.40,34304,43632458,85632458,75000000
Drag Me To Hell,7.10,51343,42100625,85724728,30000000
Old School,7.00,60477,75155000,86325829,24000000
The Kingdom,7.10,47200,47467250,86509602,72500000
Rat Race,6.40,40087,56607223,86607223,48000000
Epic Movie,2.20,48975,39739367,86858578,20000000
Match Point,7.80,65704,23089926,87989926,15000000
Gwoemul,7.10,26783,2201923,89006691,12000000
Anchorman: The Legend of Ron Burgundy,7.00,78249,84136909,89366354,25000000
Stigmata,6.00,29411,50041732,89441732,32000000
Final Destination 2,6.40,35737,46896664,89626226,26000000
Identity,7.30,57909,52131264,90231264,28000000
Bring it On,5.90,30309,68353550,90453550,10000000
Galaxy Quest,7.20,52507,71423726,90523726,45000000
Autumn in New York,4.80,9309,37752931,90717684,40000000
Kangaroo Jack,4.10,9994,66723216,90723216,60000000
Romeo Must Die,5.90,25309,55973336,91036760,25000000
The Family Stone,6.30,24434,60062868,91762868,18000000
Four Brothers,6.80,38311,74494381,92494381,30000000
The Skeleton Key,6.50,29810,47907715,92907715,40000000
Deuce Bigalow: Male Gigolo,5.60,25397,65535067,92935067,18000000
Michael Clayton,7.50,59493,49033882,92987651,21500000
Racing Stripes,5.20,5086,49772522,93772522,30000000
The River Wild,6.20,14285,46815000,94215000,45000000
The Wedding Planner,4.80,18717,60400856,94728529,28000000
40 Days and 40 Nights,5.40,27912,37939782,95092667,17000000
Underworld,6.70,65690,51970690,95708457,22000000
Red-Eye,6.50,42489,57891803,95891803,26000000
The 6th Day,5.80,32606,34543701,96024898,82000000
The Butterfly Effect,7.80,102982,57924679,96046844,13000000
8MM,6.30,47753,36443442,96398826,40000000
13 Going On 30,6.10,32634,57139723,96439723,30000000
Phone Booth,7.20,68874,46566212,97837138,11000000
Are We There Yet?,4.20,8740,82674398,97918663,20000000
Once Upon a Time in Mexico,6.20,54413,56330657,98156459,29000000
Evolution,5.90,39590,38311134,98341932,80000000
Crash,6.10,20886,54557348,98387109,6500000
Zombieland,7.80,81629,75590286,98690286,23600000
Bowfinger,6.40,33389,66458769,98699769,55000000
Les Visiteurs,6.70,7393,659000,98754000,7000000
Nacho Libre,5.70,31455,80197993,99197993,32000000
The Wild,5.40,8498,37384046,99384046,80000000
Hitman,6.80,520,39687694,99965792,17500000
Any Given Sunday,6.60,48477,75530832,100230832,60000000
Little Miss Sunshine,8.00,151013,59891098,100523181,8000000
Courage Under Fire,6.60,19682,59003384,100833145,46000000
Scream 2,5.90,48196,101363301,101363301,24000000
Mars Attacks!,6.30,76396,37771017,101371017,80000000
Miss Congeniality 2: Armed and Fabulous,4.70,14297,48478006,101382396,60000000
Little Man,5.70,97,58636047,101636047,64000000
John Q,6.60,32338,71026631,102226631,36000000
Ladder 49,6.50,23369,74541707,102332848,60000000
The Cable Guy,5.80,51109,60240295,102825796,47000000
Saw,7.70,112785,55185045,103096345,1200000
Snake Eyes,5.80,29321,55591409,103891409,73000000
Under Siege 2: Dark Territory,5.10,15218,50024083,104324083,60000000
Dragonheart,6.20,26309,51364680,104364680,57000000
Training Day,7.60,82057,76261036,104505362,45000000
The Brothers Grimm,5.90,43532,37899638,105299638,80000000
Made of Honor,5.50,15260,46012734,105508112,40000000
Mission to Mars,5.10,32449,60874615,106000000,90000000
Lost in Translation,7.90,130998,44585453,106454000,4000000
Spirit: Stallion of the Cimarron,6.60,8622,73215310,106515310,80000000
The Chronicles of Riddick,6.40,49383,57712751,107212751,120000000
Ace Ventura: Pet Detective,6.60,63543,72217396,107217396,12000000
Hidalgo,6.60,23604,67286731,107336658,78000000
Three Kings,7.30,68726,60652036,107752036,48000000
The American President,6.80,22780,60022813,107822813,62000000
Planet 51,6.10,9645,42194060,108005745,50000000
Billy Elliot,7.70,38403,21995263,109280263,5000000
Fool's Gold,7.60,93,70231041,109362966,72500000
The Net,5.60,24363,50621733,110521733,22000000
The Forgotton,4.90,1169,66711892,111311892,50000000
Underworld: Evolution,6.60,48551,62318875,111318875,45000000
White Chicks,5.00,25970,69148997,111448997,20000000
Final Destination 3,5.90,32263,54098051,112798051,25000000
Final Destination,6.80,52618,53302314,112802314,23000000
Saw V,5.70,31219,56746769,113146769,10800000
Law Abiding Citizen,7.20,45577,73357727,113190972,53000000
Species,5.60,21917,60054449,113354449,35000000
The Score,6.80,42616,71069884,113542091,68000000
Bride Wars,5.00,15762,58715510,115150424,30000000
Step Up,6.10,21691,65328121,115328121,12000000
Blue Streak,5.90,23545,68208190,117448157,36000000
Disturbia,7.00,72231,80209692,117573043,20000000
Apocalypto,7.90,82162,50866635,117785051,40000000
Beverly Hills Cop III,5.00,21199,42586861,119180938,50000000
Stepmom,6.20,18505,91137662,119709917,50000000
Road Trip,6.40,44702,68525609,119739110,16000000
Volcano,5.20,21313,47546796,120100000,90000000
Intolerable Cruelty,6.40,36323,35327628,121327628,60000000
Mona Lisa Smile,6.10,23657,63803100,121598309,65000000
Executive Decision,6.30,18569,56679192,122079192,55000000
Hide and Seek,5.60,30891,51100486,123100486,25000000
The Family Man,6.60,34090,75764085,124715863,60000000
American Wedding,6.10,52210,104354205,126425115,55000000
U-571,6.40,32528,77086030,127630030,62000000
Failure to Launch,5.60,20324,88715192,128402901,50000000
Space Cowboys,6.30,29983,90454043,128874043,65000000
Jingle All the Way,4.90,22928,60592389,129832389,60000000
"You, Me and Dupree",6.10,164,75802010,130402010,54000000
Wolf,6.00,20035,65011757,131011757,70000000
The School of Rock,7.20,63188,81261177,131161177,20000000
Save the Last Dance,5.90,20355,91038276,131638276,13000000
Saw IV,6.00,44730,63300095,134528909,10000000
Babel,7.60,95122,34302837,135302837,20000000
Anaconda,4.20,29430,65598907,136998907,45000000
Big Momma's House 2,4.00,11368,70165972,137047376,40000000
Conspiracy Theory,6.50,35719,76118990,137118990,80000000
Monster House,6.80,20689,73661010,140161010,75000000
Scary Movie 2,4.70,43941,71277420,141189101,45000000
Bad Boys,6.60,53929,65647413,141247413,23000000
Legally Blonde,6.20,44128,96493426,141743426,18000000
Phenomenon,6.30,26823,104636382,142836382,32000000
Spy Game,6.90,44850,62362560,143049560,90000000
Surf's Up,7.00,20974,58867694,145395745,100000000
Music and Lyrics,6.60,32307,50572589,145556146,40000000
Blades of Glory,6.50,51929,118594548,145594548,61000000
The Book of Eli,6.90,47733,94835059,146452390,80000000
Swordfish,6.30,57952,69772969,147080413,80000000
The Mexican,5.90,37696,66808615,147808615,40000000
The Game Plan,6.30,14984,90648202,147914546,22000000
Broken Arrow,5.80,33584,70645997,148345997,65000000
"Me, Myself & Irene",6.90,215,90570999,149270999,51000000
Step Up 2 the Streets,5.60,20345,58017783,150017783,17500000
Mononoke-hime,8.30,65773,2374107,150350000,20000000
Speed II: Cruise Control,3.40,30896,48097081,150468000,110000000
Kill Bill: Volume 2,8.00,182834,66207920,150907920,55000000
Date Night,6.50,22925,98711404,152253432,55000000
Antz,6.80,37343,90757863,152457863,60000000
Saw II,6.80,76530,87025093,152925093,5000000
Maid in Manhattan,4.60,30370,93932896,154832896,55000000
Scary Movie 3,5.40,42829,110000082,155200000,45000000
Monster-in-Law,5.10,16320,82931301,155931301,45000000
America's Sweethearts,5.70,26899,93607673,157627733,46000000
Alien³,6.30,78860,54927174,158500000,55000000
Daylight,5.40,20052,32908290,158908290,80000000
Crimson Tide,7.20,33354,91387195,159387195,55000000
Johnny English,5.80,29246,28013509,160323929,45000000
Alien: Resurrection,6.20,66141,47795018,160700000,60000000
Scream 3,5.30,38230,89138076,161838076,40000000
Talladega Nights: The Ballad of Ricky Bobby,6.40,50407,148213377,163013377,73000000
The Island,6.90,82601,35818913,163018913,120000000
Sweet Home Alabama,5.80,29891,127214072,163379330,38000000
The Happening,5.20,72259,64506874,163403799,60000000
Burn After Reading,7.20,92553,60355347,163415735,37000000
Four Christmases,5.70,14690,120146040,163546040,80000000
Saw III,6.30,60784,80238724,163876815,10000000
The Interpreter,6.50,38227,72708161,163954076,90000000
Daddy Day Care,5.50,14944,104148781,164285587,60000000
Bringing Down the House,5.40,16242,132675402,164675402,20000000
"Six Days, Seven Nights",4.70,48,74339294,164800000,80000000
Deep Blue Sea,5.60,44191,73648228,165048228,60000000
Seven Pounds,7.60,62718,69951824,166617328,54000000
Dodgeball: A True Underdog Story,6.60,65329,114326736,167726736,30000000
Spy Kids 3-D: Game Over,4.10,12352,111760631,167851995,40000000
The Emperor's New Groove,7.40,23355,89296573,169296573,100000000
Superbad,7.80,134212,121463226,169863226,17500000
Along Came Polly,5.80,38276,88073507,170360435,42000000
Cloverfield,7.40,136068,80048433,170764033,25000000
Blood Diamond,8.00,118925,57377916,171377916,100000000
Couples Retreat,5.50,18332,109205660,172450423,60000000
The Santa Clause 2,5.50,9061,139225854,172825854,65000000
Scream,2.90,217,103046663,173046663,15000000
Evan Almighty,5.50,43164,100289690,173219280,175000000
Big Momma's House,4.70,21318,117559438,173559438,33000000
Le Fabuleux destin d'AmÈlie Poulain,8.50,181085,33201661,174201661,10350000
Analyze This,6.60,52894,106885658,176885658,30000000
The 40 Year-old Virgin,7.50,94557,109449237,177339049,26000000
Flushed Away,7.00,21334,64665672,177665672,149000000
Double Jeopardy,6.00,28887,116735231,177835231,40000000
Eagle Eye,6.60,52336,101440743,178066569,80000000
Dante's Peak,5.60,23472,67163857,178200000,115000000
Scary Movie 4,5.00,39542,90710620,178710620,40000000
Moulin Rouge,7.30,2105,57386369,179213196,53000000
Kill Bill: Volume 1,8.20,231761,70098138,180098138,55000000
Paul Blart: Mall Cop,5.30,23753,146336178,180449670,26000000
DÈj‡ Vu,7.00,66106,64038616,181038616,80000000
Aliens,7.50,84,85160248,183316455,17000000
Inside Man,7.70,86229,88634237,184634237,50000000
I Now Pronounce You Chuck and Larry,6.10,46347,119725280,185708462,85000000
Wallace & Gromit: The Curse of the Were-Rabbit,7.90,38158,56068547,185724838,30000000
The Final Destination,4.90,20319,66477700,185777700,40000000
Tropic Thunder,7.20,104839,110461307,188163455,90000000
The Santa Clause,6.10,17773,144833357,189800000,22000000
Other Season,6.00,52,85105259,189901703,85000000
The Waterboy,5.70,43251,161491646,190191646,23000000
Gangs of New York,7.40,113378,77730500,190400000,97000000
Hollow Man,5.50,41499,73209340,191200000,90000000
Paranormal Activity,6.70,53455,107918810,193770453,15000
Anger Management,6.10,57088,135560942,195660942,56000000
Panic Room,6.90,68737,95308367,196308367,48000000
50 First Dates,6.80,64701,120776832,196376832,75000000
Stargate,6.70,47174,71565669,196565669,55000000
Spy Kids,5.70,23479,112692062,197692062,35000000
The Pacifier,5.30,22590,113006880,198006880,56000000
Two Weeks Notice,5.80,35515,93354918,199043309,60000000
Gake no ue no Ponyo,7.80,13821,15090399,199090399,34000000
Cats & Dogs,5.20,16912,93375151,200700000,60000000
The Break Up,5.90,38285,118806699,202944203,52000000
The Ugly Truth,6.40,27888,88915214,203115214,38000000
Alien,8.50,180387,80930630,203630630,9000000
The Holiday,6.90,48215,63280000,205190324,85000000
District 9,8.30,151742,115646235,206552113,30000000
Australia,6.80,38089,49551662,207482792,78000000
The Others,7.80,86091,96522687,209947037,17000000
Kingdom of Heaven,7.10,83189,47398413,211398413,110000000
Entrapment,6.10,40764,87707396,211700000,66000000
End of Days,5.40,43513,66889043,212026975,100000000
Miss Congeniality,6.10,42323,106807667,212100000,45000000
Ace Ventura: When Nature Calls,5.60,51275,108360063,212400000,30000000
Pulp Fiction,8.90,417703,107928762,212928762,8000000
Vertical Limit,5.60,24294,68473360,213500000,75000000
The Patriot,6.90,78302,113330342,215300000,110000000
Valentine's Day,5.70,17599,110485654,215771698,52000000
Collateral,7.80,105362,100170152,217670152,60000000
Knocked Up,7.50,111192,148761765,218994109,27500000
Elf,6.80,42123,173398518,220443451,32000000
Con Air,6.60,76052,101117573,224117573,80000000
It's Complicated,6.70,17748,112735375,224614744,75000000
Taken,4.80,1125,145000989,225461461,25000000
Flightplan,6.20,45305,89706988,225706988,55000000
Good Will Hunting,8.10,150415,138433435,225933435,10000000
Chicken Run,7.30,48307,106793915,227793915,42000000
Knight and Day,6.60,13887,76373029,228937227,117000000
Juno,7.90,149855,143495265,230327671,7000000
Eraser,5.90,37287,101295562,234400000,100000000
Big Daddy,4.70,48,163479795,234779795,30000000
American Pie,6.90,106624,101800948,234800000,12000000
Click,5.00,133,137355633,237555633,82500000
Batman & Robin,3.50,81283,107325195,238317814,125000000
Face/Off,7.30,102001,112276146,241200000,80000000
Four Weddings and a Funeral,7.10,39003,52700832,242895809,4500000
8 Mile,6.70,55877,116724075,242924075,41000000
Bienvenue chez les Ch'tis,7.00,7129,1470856,243470856,16000000
Rush Hour,6.80,55248,141186864,245300000,35000000
Lilo & Stitch,7.10,25611,145771527,245800000,80000000
Dumb & Dumber,7.20,88093,127175374,246400000,16000000
Love Actually,7.90,97921,59472278,247967903,45000000
Unbreakable,7.30,97324,94999143,248099143,73243106
The Blair Witch Project,6.20,87629,140539099,248300000,600000
The Truman Show,8.00,156346,125618201,248400000,60000000
Space Jam,5.60,29293,90463534,250200000,80000000
Grown Ups,5.80,13488,161094625,250294625,75000000
Enemy of the State,7.20,66700,111549836,250649836,85000000
Rush Hour 3,6.00,39312,140125968,253025968,180000000
The Full Monty,7.20,40877,45950122,257938649,3500000
The Village,6.60,88928,114197520,260197520,71682975
Robots,6.40,27361,128200012,260700012,80000000
The Fifth Element,7.40,131252,63570862,263900000,95000000
Waterworld,5.70,54126,88246220,264246220,175000000
Something's Gotta Give,6.80,36303,124685242,266685242,80000000
Batman Returns,6.90,78673,162831698,266822354,80000000
xXx,5.50,52636,141930000,267200000,70000000
"10,000 B.C.",5.80,134,94784201,269065678,105000000
Bad Boys II,6.20,58002,138540870,272940870,130000000
Jerry Maguire,7.20,78603,153952592,274000000,50000000
Beverly Hills Cop II,6.10,29712,153665036,276665036,20000000
Scary Movie,6.00,68541,157019771,277200000,19000000
Shakespeare in Love,7.40,77911,100317794,279500000,26000000
Speed,2.60,4175,121248145,283200000,30000000
Lethal Weapon 4,6.40,47846,130444603,285400000,140000000
American Pie 2,6.20,66751,145096820,286500000,30000000
My Best Friend's Wedding,6.20,37287,126813153,287200000,46000000
G-Force,5.00,9633,119436770,287389685,82500000
Bee Movie,6.30,30575,126631277,287594577,150000000
What Lies Beneath,6.50,45633,155464351,288693989,90000000
Ghostbusters,6.80,358,238632124,291632124,30000000
Austin Powers in Goldmember,6.20,69140,213117789,292738626,63000000
Van Helsing,5.50,68846,120150546,300150546,170000000
Meet the Parents,7.00,84924,166225040,301500000,55000000
Liar Liar,6.70,67798,181410615,302710615,45000000
Runaway Bride,5.20,28497,152257509,308007919,70000000
Ransom,6.60,38524,136492681,308700000,70000000
Austin Powers: The Spy Who Shagged Me,6.60,81005,206040085,309600000,35000000
Bolt,7.40,32473,114053579,313953579,150000000
As Good as it Gets,7.80,92240,148478011,314111923,50000000
Chicken Little,5.80,17415,135386665,314432738,60000000
Air Force One,6.30,61394,172956409,315268353,85000000
The Proposal,5.40,397,163958031,317358031,40000000
Lethal Weapon 3,6.50,39735,144731527,319700000,35000000
Inglourious Basterds,8.40,178742,120831050,320389438,70000000
Se7en,8.70,278918,100125643,328125643,30000000
The Rock,7.20,108324,134069511,336069511,75000000
Batman Forever,5.40,76218,184031112,336529144,100000000
Enchanted,7.50,55697,127706877,340384141,85000000
National Treasure,6.90,83989,173005002,347405002,100000000
Rush Hour 2,6.40,52049,226164286,347425832,90000000
Deep Impact,6.00,54160,140464664,349464664,80000000
Dinosaur,6.20,13962,137748063,356148063,127500000
American Beauty,8.60,292562,130058047,356258047,15000000
Home Alone 2: Lost in New York,5.80,51408,173585516,358994850,20000000
There's Something About Mary,7.20,96443,176484651,360099999,22000000
Toy Story,8.20,151143,191796233,361948825,30000000
A Bug's Life,7.30,56866,162798565,363109485,45000000
Notting Hill,6.90,66362,116089678,363728226,42000000
Slumdog Millionaire,8.30,176325,141319928,365257315,14000000
Hitch,5.70,89,177784257,366784257,55000000
Shark Tale,5.90,40019,160861908,367275019,75000000
What Women Want,6.30,54525,182805123,372100000,65000000
Ice Age,7.40,75552,176387405,383257136,65000000
Happy Feet,6.70,42369,198000317,385000317,85000000
Raiders of the Lost Ark,8.70,242661,245034358,386800358,20000000
Signs,6.90,111561,227965690,408265690,70702619
The Matrix Revolutions,6.50,123347,139259759,424259759,110000000
Cast Away,7.50,102936,233632142,427230516,85000000
Terminator 3: Rise of the Machines,6.60,107667,150358296,433058296,170000000
The Last Samurai,7.80,106002,111110575,456810575,120000000
Gladiator,8.30,279512,187683805,457683805,103000000
The Matrix,8.70,380934,171479930,460279930,65000000
Cars,7.50,66809,244082982,461923762,70000000
The Hangover,7.90,127634,277322503,465132119,35000000
Home Alone,7.00,79080,285761243,476684675,15000000
Mr. And Mrs. Smith,4.70,189,186336279,478336279,110000000
Saving Private Ryan,8.50,270540,216335085,481635085,65000000
Toy Story 2,8.00,119357,245852179,484966906,90000000
Bruce Almighty,6.60,92494,242704995,485004995,81000000
Aladdin,7.80,69090,217350219,504050219,28000000
Meet the Fockers,6.40,69613,279167575,516567575,60000000
Terminator 2: Judgment Day,8.50,237477,204859496,516816151,100000000
"Monsters, Inc.",7.40,39908,255870172,526864330,115000000
Madagascar,6.60,56480,193595521,532680671,75000000
WALL-E,8.50,182257,223808164,532743103,180000000
The Day After Tomorrow,6.30,92241,186740799,544272402,125000000
Armageddon,6.10,194,201578182,554600000,140000000
Madagascar: Escape 2 Africa,6.80,30285,180010950,599516844,150000000
Ratatouille,8.10,131929,206445654,620495432,150000000
Hancock,6.50,100822,227946274,624346274,150000000
The Incredibles,8.10,159123,261441092,632882184,92000000
Ice Age: The Meltdown,6.90,50981,195330621,651899282,75000000
The Sixth Sense,8.20,238745,293506292,672806292,40000000
Up,8.40,110491,293004164,731304609,175000000
The Matrix Reloaded,7.10,148874,281553689,738576929,127000000
Inception,9.10,188247,285630280,753830280,160000000
2012,6.20,396,166112167,766812167,200000000
The Lion King,8.20,136503,328539505,783839505,79300000
Indiana Jones and the Kingdom of the Crystal Skull,6.60,135071,317023851,786558145,185000000
ET: The Extra-Terrestrial,7.90,105028,435110554,792910554,10500000
Independence Day,6.50,149493,306169255,817400878,75000000
Finding Nemo,8.20,165006,339714978,867894287,94000000
Ice Age: Dawn of the Dinosaurs,7.10,33289,196573705,886685941,90000000
Toy Story 3,8.90,67380,410640665,1046340665,200000000
Titanic,7.40,240732,600788188,1842879955,200000000
Avatar,8.30,261439,760167650,2767891499,237000000
Marilyn Hotchkiss' Ballroom Dancing and Charm School,6.60,1351,349132,399114,2500000
Swept Away,3.40,7665,598645,598645,10000000
Gloria,4.70,2726,4167493,4967493,30000000
Night of the Living Dead,6.60,10083,5835247,5835247,4200000
Willard,6.20,7702,6882696,6882696,20000000
I Think I Love My Wife,5.50,8643,12559771,13205411,14000000
Wicker Park,6.90,18987,12831121,13400080,30000000
Kiss of Death,7.60,2374,14942422,14942422,40000000
Solaris,6.20,33151,14970038,14970038,47000000
Just Visiting,5.60,6923,4777007,16172200,40000000
Black Christmas,4.30,10424,16235738,16235738,9000000
Catch That Kid,4.70,3038,16703799,16930762,18000000
School for Scoundrels,6.00,15536,17807569,17807569,20000000
Get Carter,4.80,14196,14967182,19417182,40000000
Rollerball,2.80,13827,18990542,25852508,70000000
Sorority Row,5.10,7097,11965282,26735797,12500000
Brooklyn's Finest,6.90,14034,27163593,28319627,25000000
The Out-of-Towners,4.90,6338,28544120,28544120,40000000
The Stepfather,5.30,6263,29062561,29227561,20000000
Pulse,5.00,846,20264436,29771485,7500000
Double Take,6.80,162,29823162,29823162,24000000
The Bad News Bears,7.10,7749,32868349,33500620,35000000
Flight of the Phoenix,6.00,18568,21009180,34009180,75000000
Alfie,6.10,20769,13395939,35195939,40000000
Father's Day,4.80,6654,28681080,35681080,85000000
What a Girl Wants,5.70,12561,35990505,35990505,25000000
Assault On Precinct 13,7.40,13456,20040895,36040895,30000000
The Bachelor,4.80,9030,21731001,36882378,21000000
The Fog,3.30,15760,29511112,37048526,18000000
Psycho,4.50,19769,21541218,37226218,20000000
The Hills Have Eyes II,5.00,17948,20804166,37466538,15000000
The Invasion,6.00,28605,15074191,40147042,80000000
Death at a Funeral,5.10,6628,42739347,42739347,21000000
The Crazies,6.70,21135,39123589,43027734,20000000
Last Holiday,6.30,8060,38399961,43343247,45000000
Scarface,8.20,152262,44942821,44942821,25000000
Bangkok Dangerous,5.40,20931,15298133,46598133,45000000
Walking Tall,6.00,20517,46213824,47313824,56000000
Dark Water,5.60,19652,25473093,49473093,60000000
The Texas Chainsaw Massacre: The Beginning,5.80,20196,39517763,50517763,16000000
Mighty Joe Young,5.40,9187,50632037,50632037,80000000
The Eye,5.30,17304,31418697,56706727,12000000
Prom Night,5.10,4263,43869350,57109687,18000000
Sweet November,6.00,20891,25288103,65754228,40000000
When a Stranger Calls,4.70,16505,47860214,66966987,15000000
The Grudge 2,4.60,16024,39143839,68643839,20000000
The Hills Have Eyes,6.50,43747,41778863,69623713,17000000
3:10 to Yuma,7.90,98355,53606916,69791889,48000000
House of Wax,5.40,32159,32064800,70064800,35000000
Down to Earth,5.00,9193,64172251,71172251,30000000
Around the World in 80 Days,5.60,21516,24004159,72004159,110000000
"Yours, Mine and Ours",7.60,259,53359917,72359917,45000000
Death Race,6.60,40611,36316032,72516819,65000000
The Ladykillers,6.20,39242,39692139,77692139,35000000
Fame,4.50,4973,22455510,77956957,18000000
Les Choristes,7.80,16391,3629758,83529758,5500000
Sabrina,6.00,15749,53458319,87100000,58000000
The Shaggy Dog,4.10,6116,61123569,87123569,60000000
Bedazzled,5.90,30946,37879996,90376224,48000000
No Reservations,6.30,16952,43107979,92107979,28000000
The Manchurian Candidate,6.70,36553,65948711,96148711,80000000
The Stepford Wives,5.10,26712,59475623,96221971,100000000
My Bloody Valentine,5.70,18037,51545952,98817028,14000000
Guess Who,5.70,15789,68915888,102115888,35000000
Dawn of the Dead,7.40,73875,58990765,102290765,28000000
The Texas Chainsaw Massacre,6.10,39172,80571655,107071655,9000000
Shaft,5.90,32881,70327868,107190108,53012938
The Amityville Horror/Thriller,5.80,26303,65233369,108047131,18500000
Insomnia,6.30,33,67263182,113622499,46000000
The Lake House,6.80,36613,52330111,114830111,40000000
Shall We Dance?,7.60,2192,57887882,118097882,40000000
Man on Fire,7.70,75256,77906816,118706816,60000000
Unfaithful,6.60,23998,52752475,119114494,50000000
The Omen,5.40,24523,54607383,119607383,25000000
Eight Below,7.30,17717,81612565,120612565,40000000
The Thomas Crown Affair,6.70,37692,69304264,124304264,48000000
Cheaper by the Dozen 2,5.20,11858,82571173,135015330,60000000
The Legend of Zorro,5.70,21161,45575336,141475336,80000000
The Wolf Man,7.40,6099,61979680,142422252,150000000
The Taking of Pelham 123,6.50,33452,65452312,148989667,110000000
The Jackal,6.00,35540,54956941,159356941,60000000
Freaky Friday,6.50,29137,110222438,160822438,26000000
Nutty Professor II: The Klumps,4.30,17075,123307945,161600000,84000000
The Ring Two,5.10,28408,75941727,161941727,50000000
The Italian Job,6.90,76835,106126012,175826012,60000000
Doctor Dolittle 2,6.00,2993,112950721,176101721,72000000
Flubber,4.60,18890,92993801,177993801,80000000
Poseidon,5.60,35930,60674817,181674817,160000000
Cape Fear,7.30,47196,79091969,182291969,35000000
The Grudge,5.70,43218,110359362,187281115,10000000
Cheaper by the Dozen,5.60,24283,138614544,189714544,40000000
The Longest Yard,6.20,39752,158119460,190320568,82000000
City of Angels,6.40,40053,78750909,198750909,55000000
Fun With Dick And Jane,6.30,1788,110550000,202250000,140000000
Vanilla Sky,6.90,87820,100614858,202726605,70000000
Hairspray,7.20,41511,118823091,202823091,75000000
The Mask of Zorro,6.70,4789,93828745,233700000,65000000
The Ring,5.50,589,129094024,249094024,48000000
The Nutty Professor,5.60,32234,128814019,273814019,55000000
The Departed,8.50,264148,133311000,290539042,90000000
Doctor Dolittle,5.20,25648,144156605,294156605,71500000
Ocean's Thirteen,6.90,76884,117144465,311744465,85000000
The Karate Kid,6.10,20039,176591618,350591618,40000000
Planet of the Apes,5.50,72763,180011740,362211740,100000000
Ocean's Twelve,6.00,89861,125531634,363531634,85000000
True Lies,7.20,80581,146282411,365300000,100000000
Godzilla,4.80,59455,136314294,376000000,125000000
The Mummy: Tomb of the Dragon Emperor,5.10,41570,102491776,397912118,175000000
The Mummy,6.80,95658,155385488,416385488,80000000
The Mummy Returns,6.20,68084,202007640,433007640,98000000
Ocean's Eleven,7.60,139034,183417150,450728529,110000000
Charlie and the Chocolate Factory,7.10,102437,206459076,474459076,150000000
King Kong,7.60,132720,218080025,550517357,207000000
The War of the Worlds,7.20,12074,234280354,591745532,132000000
Jay and Silent Bob Strike Back,6.80,62692,30059386,33762400,22000000
Beauty Shop,5.30,5468,36351350,38351350,25000000
The Tigger Movie,6.00,2986,4554533,55159800,20000000
Elektra,4.90,27283,24409722,56409722,65000000
Freddy vs. Jason,5.80,39182,82622655,114326122,25000000
The Scorpion King,5.30,30359,90580000,164529000,60000000
AVP: Alien Vs. Predator,5.40,63019,80281096,172543519,70000000
X-Men Origins: Wolverine,6.70,79499,179883157,374825760,150000000
Sydney White,6.20,9309,11892415,12778631,16500000
A Cinderella Story,5.40,14904,51438175,70067909,19000000
D-War,3.80,14081,10977721,79915361,32000000
Sinbad: Legend of the Seven Seas,6.60,7895,26483452,80767884,60000000
Hoodwinked,6.70,20461,51386611,110011106,17500000
First Knight,5.60,20928,37361412,127361412,75000000
King Arthur,6.20,53106,51877963,203877963,90000000
Mulan,7.20,34256,120620254,303500000,90000000
Robin Hood,6.90,34501,105269730,310885538,210000000
Robin Hood: Prince of Thieves,6.70,54480,165493908,390500000,50000000
Spiceworld,2.90,18010,29342592,56042592,25000000
